handle,search_resource_id
10915/144339,159960
10915/40204,40904
10915/143687,159398
10915/10116,9064
10915/164303,185163
10915/143754,159401
10915/155907,173015
10915/148700,164544
10915/164945,185732
10915/10119,9067
10915/139796,155511
10915/143689,159403
10915/10118,9066
10915/10117,9065
10915/10164,9112
10915/10115,9063
10915/143756,159407
10915/196588,223820
10915/165599,185184
10915/9908,8856
10915/12390,11338
10915/169656,191780
10915/101015,107299
10915/143109,157425
10915/128323,141377
10915/25916,24911
10915/66543,70125
10915/81964,87588
10915/184617,209981
10915/126281,139029
10915/10145,9093
10915/194696,221430
10915/124430,137151
10915/9766,8714
10915/164302,185162
10915/155915,173030
10915/189025,214873
10915/152098,168407
10915/155909,173017
10915/43996,45009
10915/102700,111471
10915/149771,165689
10915/181026,205560
10915/185325,210745
10915/155851,172915
10915/149779,165700
10915/157440,174995
10915/120756,132490
10915/181241,205749
10915/189857,215695
10915/75571,81005
10915/41388,42138
10915/120964,132748
10915/166050,187096
10915/164181,184364
10915/58189,60810
10915/119210,130752
10915/112842,121786
10915/143692,159404
10915/143709,159400
10915/197853,225404
10915/139234,154989
10915/119291,130829
10915/164556,185539
10915/180103,203580
10915/81104,86713
10915/180153,204799
10915/181363,203389
10915/172728,192471
10915/180247,203736
10915/144197,157540
10915/27614,27014
10915/113774,124573
10915/148715,164560
10915/187081,212629
10915/172670,195541
10915/43998,45011
10915/64466,67895
10915/194709,221442
10915/122299,134137
10915/82839,88533
10915/155910,173019
10915/139794,155509
10915/164942,185896
10915/194703,221434
10915/155903,173006
10915/97239,104053
10915/194701,221431
10915/155916,173031
10915/167439,189205
10915/139800,155514
10915/194700,221432
10915/152100,168409
10915/152099,168408
10915/46082,47434
10915/30081,30080
10915/33947,34403
10915/67581,71222
10915/117689,129239
10915/164304,185164
10915/119218,130762
10915/119209,130751
10915/194711,221443
10915/164918,185860
10915/72888,77335
10915/76034,81482
10915/164949,185901
10915/40997,41745
10915/182047,206789
10915/25688,24662
10915/143962,157563
10915/134237,149653
10915/57100,59595
10915/192958,219122
10915/92005,99911
10915/133687,149148
10915/173040,195897
10915/107126,114382
10915/26673,25846
10915/40128,40831
10915/44501,45630
10915/34695,35233
10915/152097,168404
10915/175992,198848
10915/175153,198033
10915/195805,223106
10915/144337,159959
10915/179009,202217
10915/164947,185899
10915/155919,173033
10915/175690,198614
10915/182043,206784
10915/164948,185900
10915/87898,95557
10915/74668,79840
10915/183221,208371
10915/13924,12872
10915/170575,188589
10915/144341,159961
10915/10146,9094
10915/188299,214091
10915/147255,162904
10915/139799,155513
10915/126643,139287
10915/139797,155512
10915/197182,224629
10915/177702,201128
10915/97060,105267
10915/164941,185893
10915/145459,161130
10915/133777,149243
10915/112838,121788
10915/33040,33421
10915/193019,219131
10915/40466,41183
10915/91435,99688
10915/143375,159212
10915/194705,221436
10915/33735,34155
10915/58145,60765
10915/72438,76418
10915/59391,62200
10915/34701,35240
10915/45351,46603
10915/58097,60716
10915/179494,204074
10915/192952,219111
10915/59508,62337
10915/142522,158664
10915/43326,44283
10915/142451,158604
10915/91265,100064
10915/41100,41846
10915/38301,38916
10915/81974,87599
10915/59739,62612
10915/100357,109925
10915/148117,163968
10915/192949,219113
10915/66022,69583
10915/194057,220434
10915/30764,30835
10915/37327,37918
10915/144722,157337
10915/180155,204800
10915/66032,69594
10915/179934,204635
10915/180156,204801
10915/180246,203272
10915/136773,152557
10915/151271,167519
10915/88332,96143
10915/115848,127080
10915/75802,81243
10915/106604,116721
10915/22301,21190
10915/182637,207265
10915/197845,225400
10915/119212,130755
10915/119216,130760
10915/119215,130759
10915/197847,225406
10915/119290,130827
10915/119217,130761
10915/118372,127691
10915/112826,121781
10915/144671,160064
10915/119211,130753
10915/112840,121789
10915/41569,42326
10915/112849,121791
10915/155900,173000
10915/112824,121780
10915/38568,39190
10915/168118,189964
10915/42544,43386
10915/133757,149212
10915/49054,50662
10915/190160,216036
10915/80056,85658
10915/129937,145831
10915/44529,45663
10915/117327,128882
10915/158396,176371
10915/56264,58693
10915/40058,40769
10915/150180,166146
10915/41124,41869
10915/56656,59127
10915/70772,74775
10915/174392,192680
10915/192955,219117
10915/66035,69598
10915/192951,219112
10915/114344,124615
10915/40332,41048
10915/80065,85665
10915/116026,127295
10915/139805,155517
10915/40238,40956
10915/193010,219125
10915/179942,204646
10915/36855,37445
10915/176422,199534
10915/37078,37671
10915/66034,69597
10915/182342,206999
10915/30156,30164
10915/74820,80062
10915/197157,224505
10915/128032,141268
10915/141834,157951
10915/169069,191168
10915/171831,192440
10915/32700,33046
10915/140809,156365
10915/100278,108370
10915/171415,192424
10915/149083,164916
10915/4700,3638
10915/48931,50533
10915/24703,23632
10915/75786,81166
10915/180152,204798
10915/111867,122600
10915/40908,41637
10915/80062,85663
10915/192946,219110
10915/128855,141057
10915/197070,223805
10915/194295,221011
10915/117302,128864
10915/197241,224716
10915/197848,225405
10915/134625,149987
10915/119296,130837
10915/133760,149215
10915/134107,149532
10915/133772,149237
10915/112852,123468
10915/133765,149219
10915/197863,225410
10915/119286,130757
10915/112830,121779
10915/112829,121778
10915/197846,225407
10915/197864,225409
10915/78201,83715
10915/142344,158514
10915/143202,157248
10915/123306,135689
10915/108537,118564
10915/117058,128589
10915/119299,130840
10915/171085,193452
10915/56858,59341
10915/193015,219130
10915/65571,69075
10915/94289,102409
10915/26576,25704
10915/108529,118541
10915/180794,203500
10915/194523,221258
10915/99619,109485
10915/108532,118561
10915/44475,45602
10915/194397,221115
10915/64451,67884
10915/179479,204059
10915/192982,219121
10915/145024,160795
10915/192980,219115
10915/192947,219114
10915/89022,97949
10915/182341,206995
10915/181198,203375
10915/56566,59017
10915/172898,195428
10915/46220,32961
10915/24681,23620
10915/184470,209839
10915/11666,10614
10915/34763,35304
10915/181361,203372
10915/171345,192415
10915/176248,199467
10915/36857,37447
10915/180150,204797
10915/58282,60904
10915/73832,78813
10915/193861,220505
10915/58258,60880
10915/129207,142583
10915/94288,102407
10915/145029,160799
10915/150319,166375
10915/73154,77794
10915/164299,185160
10915/182678,203327
10915/32666,32956
10915/102699,111470
10915/32032,31482
10915/197454,225078
10915/42570,43415
10915/179941,204644
10915/148118,163970
10915/34703,35232
10915/1704,642
10915/140808,156364
10915/153694,170240
10915/116221,127524
10915/66031,69592
10915/146455,161978
10915/164338,185168
10915/39847,40548
10915/179937,204640
10915/142338,158510
10915/146381,157513
10915/196315,223594
10915/36891,37483
10915/44553,45689
10915/88183,95842
10915/40061,40771
10915/156618,173904
10915/80050,85652
10915/179939,204643
10915/4618,3556
10915/192956,219116
10915/140807,156363
10915/180300,203740
10915/143682,159405
10915/16696,15644
10915/140814,156370
10915/196870,224178
10915/140813,156368
10915/197791,225768
10915/16490,15438
10915/96619,106338
10915/52031,53960
10915/66029,69591
10915/140811,156366
10915/72434,76424
10915/50296,52040
10915/47535,49028
10915/121990,133738
10915/129062,140525
10915/142112,158311
10915/123796,135533
10915/133774,149239
10915/133776,149241
10915/119297,130838
10915/119214,130758
10915/197862,225411
10915/197865,225408
10915/146279,161885
10915/195284,222290
10915/101885,110990
10915/88063,95731
10915/40245,40968
10915/134099,149529
10915/193018,219127
10915/142331,158507
10915/98002,104470
10915/117024,128552
10915/193996,219826
10915/180016,203265
10915/128794,142152
10915/164340,185167
10915/128671,141078
10915/58661,61328
10915/33043,33330
10915/143678,159399
10915/142517,158661
10915/100405,106745
10915/100749,110198
10915/152095,168403
10915/133269,148769
10915/146378,157818
10915/180540,203354
10915/140816,156372
10915/193014,219123
10915/39011,39661
10915/111029,121276
10915/40278,41004
10915/140815,156371
10915/140812,156367
10915/72698,77067
10915/193017,219128
10915/37428,38022
10915/38963,39614
10915/192269,218384
10915/163239,183295
10915/176174,199048
10915/184295,208734
10915/194966,221802
10915/133775,149240
10915/133753,149207
10915/133773,149238
10915/133754,149210
10915/112837,121783
10915/167233,189005
10915/112835,121785
10915/197840,225402
10915/112848,121790
10915/44470,43179
10915/189262,215043
10915/160152,178945
10915/105296,114498
10915/20657,19459
10915/173885,192748
10915/194047,220675
10915/149874,165823
10915/132798,148372
10915/195113,222037
10915/195164,222126
10915/169572,191373
10915/98307,108057
10915/197324,224820
10915/1816,754
10915/181082,205582
10915/38693,38058
10915/123970,136064
10915/37447,38043
10915/102605,111441
10915/112822,121777
10915/125693,137984
10915/80060,85661
10915/185784,211138
10915/54975,57302
10915/1845,783
10915/31604,31755
10915/143889,159408
10915/101127,110372
10915/143757,159406
10915/143892,159410
10915/143762,159411
10915/179677,204364
10915/72869,77322
10915/79510,85119
10915/155901,173001
10915/10094,9042
10915/25875,24868
10915/74879,80047
10915/138119,144499
10915/139810,155520
10915/166645,188144
10915/133209,148697
10915/139802,155515
10915/143755,159402
10915/71169,75249
10915/119287,130766
10915/119288,130825
10915/119213,130756
10915/27925,27387
10915/119285,130754
10915/119284,130823
10915/133767,149221
10915/119293,130832
10915/119289,130826
10915/133763,149217
10915/139734,155472
10915/172645,193800
10915/119292,130830
10915/134103,149530
10915/133766,149220
10915/119298,130839
10915/52657,54691
10915/108851,118735
10915/161556,181197
10915/66027,69587
10915/197844,225401
10915/197835,225399
10915/197837,225403
10915/141840,157956
10915/142349,158518
10915/175695,198620
10915/104415,113129
10915/194669,221419
10915/155908,173016
10915/40232,40940
10915/40160,40866
10915/37863,38465
10915/112854,123469
10915/73666,78312
10915/32472,31743
10915/175688,198466
10915/101488,106903
10915/153723,170278
10915/193009,219126
10915/43118,44006
10915/108658,118625
10915/43319,44276
10915/40370,37985
10915/72688,76916
10915/168479,190568
10915/43277,44206
10915/115905,127155
10915/92920,101029
10915/194300,221014
10915/46548,48000
10915/9902,8850
10915/154909,171672
10915/150795,166939
10915/112843,121787
10915/112846,121792
10915/112831,121784
10915/171660,194729
10915/44482,45607
10915/174384,192672
10915/96318,106148
10915/44201,45265
10915/94464,102602
10915/169137,191269
10915/70408,74383
10915/164858,185817
10915/90075,96769
10915/98561,103455
10915/122244,134086
10915/133203,148692
10915/164301,185161
10915/66538,70119
10915/139558,155213
10915/44497,45626
10915/128793,142151
10915/96287,106135
10915/26462,25540
10915/182402,207105
10915/156041,173189
10915/128036,141271
10915/36830,37421
10915/141841,157957
10915/145019,160791
10915/96074,106043
10915/43122,44010
10915/119551,131122
10915/112507,123292
10915/112503,123289
10915/13133,12081
10915/59383,62190
10915/40986,41733
10915/44520,45651
10915/189160,214837
10915/46973,48442
10915/141518,156963
10915/170831,193373
10915/141832,157949
10915/163087,183087
10915/183931,209394
10915/180537,203368
10915/4723,3661
10915/145656,161443
10915/156193,173373
10915/43595,41436
10915/193016,219129
10915/66547,70129
10915/133118,148638
10915/66539,70120
10915/104849,113675
10915/136253,152151
10915/66545,70127
10915/66541,70122
10915/66546,70128
10915/164298,185159
10915/158391,176366
10915/173077,192487
10915/105564,114263
10915/46031,47366
10915/28995,27103
10915/101892,110996
10915/104876,113700
10915/142526,158667
10915/11945,10893
10915/162585,181976
10915/56664,59135
10915/184400,209790
10915/46914,48380
10915/187509,213307
10915/148228,164112
10915/34271,34733
10915/152886,169436
10915/141503,156948
10915/164940,185890
10915/182766,203546
10915/180336,203282
10915/110475,120506
10915/80049,85651
10915/36892,37484
10915/27027,26292
10915/162532,182487
10915/145410,161081
10915/144057,157583
10915/119960,131590
10915/16703,15651
10915/9894,8842
10915/120344,132053
10915/101879,106967
10915/169367,191394
10915/104038,112810
10915/107199,115884
10915/78261,83909
10915/161450,181034
10915/101710,107160
10915/33143,33529
10915/33164,33548
10915/36266,36865
10915/54386,56666
10915/50907,52675
10915/151058,167240
10915/70585,74368
10915/155646,172622
10915/115793,127028
10915/32471,31742
10915/153763,168426
10915/186870,212385
10915/32687,33029
10915/180098,203738
10915/192953,219118
10915/54792,57092
10915/173585,192591
10915/60482,63524
10915/48078,49635
10915/151725,168032
10915/30231,30250
10915/116703,128278
10915/59442,62258
10915/52330,54291
10915/65928,69476
10915/51448,53264
10915/141473,156901
10915/145048,160806
10915/141836,157952
10915/180925,203274
10915/123531,135814
10915/144735,157643
10915/34670,35204
10915/36973,33279
10915/9741,8689
10915/176063,198929
10915/151691,167988
10915/49052,50659
10915/105398,115261
10915/158814,176888
10915/186126,211379
10915/190020,215919
10915/142518,158662
10915/86442,94310
10915/173628,192612
10915/75584,81015
10915/37379,37972
10915/102673,108759
10915/26950,26184
10915/185674,207672
10915/139168,154951
10915/12567,11515
10915/197327,224822
10915/46095,47451
10915/64954,68416
10915/98551,108114
10915/40260,40980
10915/51756,53627
10915/41874,42644
10915/49603,51259
10915/176181,199403
10915/141809,157932
10915/44125,45142
10915/85097,91829
10915/49256,50843
10915/145044,160804
10915/181464,206047
10915/35459,36027
10915/35354,35922
10915/194044,220673
10915/33395,33796
10915/160842,180068
10915/189415,215159
10915/153570,170161
10915/49258,50846
10915/43810,44797
10915/44155,45172
10915/182972,207864
10915/152147,168469
10915/184524,209873
10915/152342,168671
10915/175697,198622
10915/164944,185897
10915/175692,198617
10915/99830,106779
10915/153505,169982
10915/189867,215705
10915/190771,216824
10915/94157,102274
10915/105255,114487
10915/24655,23592
10915/34779,35330
10915/104955,113789
10915/182526,207200
10915/4349,3287
10915/81569,87191
10915/197185,224627
10915/73146,77786
10915/140212,155814
10915/45788,47080
10915/49248,50866
10915/71281,75359
10915/66536,70117
10915/132902,148452
10915/168900,190925
10915/172727,192473
10915/17508,16456
10915/43325,44282
10915/10052,9000
10915/97212,105262
10915/113227,124654
10915/32297,32521
10915/106662,115723
10915/182477,203465
10915/40754,41481
10915/40047,40756
10915/32836,33215
10915/66548,70130
10915/37079,37672
10915/92087,99878
10915/38493,37977
10915/101891,110995
10915/39025,38057
10915/131477,147296
10915/163014,182216
10915/13022,11970
10915/170825,189318
10915/82149,87754
10915/195403,222204
10915/176136,199017
10915/77828,83494
10915/162434,182372
10915/76669,82180
10915/38640,39270
10915/73109,77668
10915/100217,109844
10915/42867,43725
10915/44204,45266
10915/106728,115697
10915/38965,39616
10915/118084,128029
10915/106537,115686
10915/76691,82214
10915/117841,128238
10915/168922,190773
10915/76406,81909
10915/74775,80009
10915/92545,99366
10915/91577,100022
10915/175556,197696
10915/69219,72978
10915/78935,84584
10915/69214,72976
10915/72371,76549
10915/159064,177201
10915/50359,52112
10915/135368,151476
10915/113805,123583
10915/10611,9559
10915/189173,214925
10915/34154,34606
10915/45849,47165
10915/106714,114193
10915/165505,186554
10915/4481,3419
10915/73850,78823
10915/149013,163390
10915/49407,51042
10915/114501,124050
10915/175555,197697
10915/94161,102275
10915/145358,161021
10915/127806,141111
10915/113338,124740
10915/175831,198720
10915/91340,99592
10915/139141,154923
10915/10036,8984
10915/134318,149727
10915/83083,89479
10915/159148,177280
10915/129203,142580
10915/106973,114376
10915/56101,58520
10915/79329,84960
10915/149007,162181
10915/111382,122396
10915/45538,46804
10915/45610,46883
10915/147318,162958
10915/45239,46485
10915/47573,49036
10915/185828,211255
10915/163348,183437
10915/194780,221523
10915/45763,47056
10915/5135,4073
10915/151331,167583
10915/131479,144331
10915/110248,120720
10915/114329,124614
10915/49647,51308
10915/182985,207904
10915/180709,203301
10915/69223,72979
10915/159305,177461
10915/162594,182555
10915/75150,80367
10915/101525,110727
10915/51025,52796
10915/45857,47170
10915/50329,52078
10915/73096,77666
10915/118153,128017
10915/16779,15727
10915/97401,107439
10915/16734,15682
10915/32617,32905
10915/56627,59076
10915/123189,135621
10915/50326,52075
10915/99487,108625
10915/158048,175975
10915/33353,33750
10915/98504,108866
10915/2931,1869
10915/172719,195281
10915/162169,181898
10915/116620,127949
10915/112457,122041
10915/37435,38029
10915/161606,180989
10915/132797,148371
10915/78742,84417
10915/184438,209804
10915/70532,74483
10915/51694,53569
10915/123318,135696
10915/186358,211906
10915/182468,203663
10915/175978,198835
10915/159908,178521
10915/64189,67602
10915/143875,157232
10915/48528,50119
10915/52037,53966
10915/49078,50667
10915/44291,45199
10915/44524,45447
10915/172674,192468
10915/162613,182603
10915/162443,182381
10915/194628,221319
10915/48031,49589
10915/51027,52798
10915/46326,47718
10915/141419,156831
10915/191027,216944
10915/44309,45367
10915/46681,48118
10915/45854,47167
10915/57871,60473
10915/94156,102271
10915/149330,165205
10915/183017,203717
10915/69296,73083
10915/135015,150249
10915/44913,46103
10915/44451,45503
10915/51247,53033
10915/50124,51846
10915/51248,53034
10915/51319,53110
10915/115627,126858
10915/47180,48644
10915/4375,3313
10915/44143,45145
10915/45126,46327
10915/44089,45088
10915/45191,46282
10915/99979,103490
10915/48394,49974
10915/45650,46915
10915/35344,35909
10915/70036,73939
10915/120537,132216
10915/57176,59621
10915/164939,185889
10915/175698,198623
10915/98008,107856
10915/99617,109483
10915/196031,223298
10915/38561,37978
10915/196030,223297
10915/66542,70123
10915/193013,219124
10915/161118,180216
10915/95962,105989
10915/150117,166144
10915/133227,148714
10915/194708,221441
10915/46633,48079
10915/146055,161709
10915/106336,115635
10915/66540,70121
10915/44342,45419
10915/37915,38061
10915/192983,219120
10915/158392,176368
10915/156099,173255
10915/161541,181142
10915/192985,219119
10915/81984,87607
10915/44519,45649
10915/40782,41509
10915/53957,56214
10915/194866,220816
10915/181340,203349
10915/194707,221437
10915/155914,173021
10915/66544,70126
10915/66537,70118
10915/170911,192411
10915/45789,47083
10915/33467,33885
10915/61563,64635
10915/44301,45374
10915/59359,62164
10915/182045,206786
10915/89017,97956
10915/60536,63599
10915/145650,161451
10915/145494,161413
10915/155917,173032
10915/9858,8806
10915/191584,217698
10915/182934,207907
10915/194860,221666
10915/182680,203331
10915/197314,224774
10915/197612,225383
10915/148696,164542
10915/40806,41534
10915/195151,222112
10915/45472,46736
10915/143102,158929
10915/75789,81232
10915/75792,81234
10915/75788,81230
10915/33109,33492
10915/194664,221414
10915/145449,161070
10915/136088,152034
10915/145453,161088
10915/26102,25115
10915/42554,43397
10915/144267,159954
10915/75794,81237
10915/180158,204802
10915/38425,39047
10915/139152,154941
10915/92402,100159
10915/195153,206505
10915/195276,222284
10915/182862,203583
10915/64442,67876
10915/38878,39526
10915/38365,38979
10915/56162,58562
10915/195836,221957
10915/51197,52982
10915/39685,40369
10915/44156,45173
10915/173611,192602
10915/186921,212532
10915/88057,95725
10915/9989,8937
10915/177305,200543
10915/182735,207433
10915/183589,208916
10915/197891,225873
10915/25898,24896
10915/56560,59010
10915/147517,163154
10915/168516,190594
10915/194289,221004
10915/92180,100010
10915/103911,112679
10915/38306,38923
10915/107373,116995
10915/48817,50434
10915/131201,147089
10915/173622,192607
10915/75872,81340
10915/194567,221113
10915/194922,220817
10915/195287,221895
10915/195345,221937
10915/40131,40834
10915/61780,64850
10915/126833,139483
10915/75798,81239
10915/194954,221153
10915/87912,95567
10915/39684,40368
10915/149959,165927
10915/40779,41507
10915/96617,106336
10915/25647,24620
10915/59731,62605
10915/136057,151983
10915/141864,157967
10915/139153,154943
10915/150429,166485
10915/143954,159803
10915/138730,154623
10915/141628,157060
10915/148208,163992
10915/9977,8925
10915/194112,220832
10915/195343,221898
10915/56261,58690
10915/129353,142714
10915/163406,182257
10915/25678,24651
10915/36630,37249
10915/145455,161086
10915/145447,161076
10915/129327,142691
10915/189605,214765
10915/38723,39362
10915/38307,38925
10915/36693,37310
10915/104938,113739
10915/9730,8678
10915/150283,166332
10915/9789,8737
10915/194925,221150
10915/195134,221615
10915/194951,221154
10915/195283,221892
10915/195840,221962
10915/81485,87120
10915/98588,108931
10915/67479,71109
10915/194970,221805
10915/159856,178400
10915/139298,155032
10915/88064,95732
10915/129211,142588
10915/193866,220510
10915/45875,47192
10915/49046,50651
10915/56852,59336
10915/165784,186664
10915/191694,217820
10915/85168,91585
10915/130864,146800
10915/141733,157143
10915/143234,157478
10915/10160,9108
10915/108925,117723
10915/92164,100013
10915/91702,99867
10915/106741,115747
10915/141753,157872
10915/158780,176843
10915/44289,45362
10915/118102,128215
10915/140733,156302
10915/139621,155282
10915/137169,152922
10915/138798,154657
10915/148201,163993
10915/9900,8848
10915/30915,30984
10915/194929,220815
10915/195263,221894
10915/195405,221944
10915/195399,221939
10915/112622,123339
10915/30969,31051
10915/102599,111434
10915/135594,151629
10915/70342,74292
10915/54980,57307
10915/134729,150054
10915/38876,39525
10915/156614,173900
10915/144983,160718
10915/141168,156683
10915/178723,202367
10915/186129,211395
10915/194396,221114
10915/45874,47191
10915/38621,39245
10915/27907,27365
10915/154749,171610
10915/176879,199942
10915/194197,220809
10915/100367,109940
10915/87911,95566
10915/77947,83601
10915/44278,45354
10915/109752,119406
10915/87156,95158
10915/10016,8964
10915/48058,49617
10915/44281,45352
10915/36650,37265
10915/63991,67396
10915/150796,165230
10915/149711,165231
10915/151054,165294
10915/138088,154172
10915/141838,157955
10915/143981,159851
10915/185181,210623
10915/187846,213654
10915/76714,82230
10915/37184,37778
10915/54320,56602
10915/66924,70512
10915/114698,126215
10915/178179,201750
10915/194043,220672
10915/194399,221148
10915/163536,183511
10915/53051,55156
10915/44315,45389
10915/88037,95710
10915/54229,56500
10915/9860,8808
10915/37690,38279
10915/152709,169253
10915/163567,182287
10915/47750,49295
10915/51762,53634
10915/10370,9318
10915/38304,38922
10915/45471,46735
10915/47253,48723
10915/44212,45276
10915/44316,45390
10915/148206,163994
10915/148199,163989
10915/149045,164860
10915/165772,186629
10915/171254,193421
10915/194947,221152
10915/195107,222032
10915/195408,221961
10915/196902,224214
10915/116193,127513
10915/34699,35237
10915/154156,170784
10915/146306,161903
10915/67549,71187
10915/132582,148173
10915/156178,173359
10915/10064,9012
10915/76940,82480
10915/39716,40401
10915/95232,102867
10915/129717,143070
10915/1761,699
10915/40279,40983
10915/140318,155898
10915/165716,186678
10915/169824,191455
10915/183182,207455
10915/153520,169926
10915/195257,221619
10915/64032,67440
10915/161478,181121
10915/142039,157739
10915/145038,160801
10915/84602,91956
10915/147404,163043
10915/36804,37396
10915/36883,37473
10915/92057,100385
10915/81322,86944
10915/80266,85898
10915/160448,179578
10915/32880,33257
10915/91896,100164
10915/194391,221097
10915/194392,221100
10915/194516,221253
10915/88786,97688
10915/136684,152482
10915/27903,27360
10915/64890,68332
10915/12406,11354
10915/140715,156292
10915/114868,124325
10915/110414,120431
10915/48313,49898
10915/46350,47742
10915/100366,109939
10915/56854,59337
10915/35187,28790
10915/136011,144044
10915/50289,52032
10915/46613,48056
10915/176616,199618
10915/190682,216786
10915/44279,45355
10915/45180,46398
10915/125776,136413
10915/162452,182264
10915/44876,46061
10915/193711,220299
10915/73771,78548
10915/49413,51046
10915/37309,37898
10915/43120,44008
10915/41119,41864
10915/63911,67313
10915/101570,110775
10915/101172,110526
10915/36799,37391
10915/38869,39517
10915/40828,41554
10915/37735,38323
10915/86158,93962
10915/102731,108752
10915/85668,93139
10915/95265,102871
10915/78263,83911
10915/58074,60692
10915/40522,41245
10915/54670,56985
10915/50409,52165
10915/54757,57075
10915/57858,60458
10915/55986,58403
10915/62291,65375
10915/158678,176730
10915/149665,165582
10915/146294,161895
10915/163821,183997
10915/10162,9110
10915/9735,8683
10915/10101,9049
10915/44745,45917
10915/44640,45760
10915/56490,58940
10915/32090,32292
10915/57609,60199
10915/10114,9062
10915/131907,147661
10915/141989,158107
10915/151052,165295
10915/145451,161079
10915/141932,158003
10915/133188,143654
10915/138600,154500
10915/148135,163983
10915/150794,165172
10915/146737,162343
10915/48915,50517
10915/186173,209919
10915/191992,218241
10915/63644,66967
10915/87601,95352
10915/70614,74570
10915/76960,82438
10915/73693,78595
10915/77621,83202
10915/79096,84737
10915/147954,163830
10915/141758,157874
10915/155610,172588
10915/161123,180454
10915/161527,180953
10915/161902,181591
10915/163232,182242
10915/163505,182261
10915/46908,48374
10915/46916,48382
10915/110093,120320
10915/108994,118813
10915/117056,128586
10915/145022,160793
10915/144637,160437
10915/144640,160438
10915/139129,154915
10915/150059,166060
10915/126624,139272
10915/128679,142041
10915/53601,55776
10915/64443,67877
10915/149256,165053
10915/174730,197533
10915/194928,220820
10915/144710,160491
10915/43312,44269
10915/42583,43427
10915/38427,39048
10915/37273,37865
10915/102608,111445
10915/40254,40977
10915/38122,38726
10915/88491,96104
10915/102606,111442
10915/56266,58695
10915/109363,119029
10915/72017,76191
10915/66940,70528
10915/72915,77438
10915/150889,167036
10915/159175,177305
10915/153692,170238
10915/31010,31090
10915/37590,38197
10915/44878,46063
10915/44119,45135
10915/50886,52649
10915/118205,128018
10915/118527,128030
10915/67928,71600
10915/117838,128210
10915/145046,160805
10915/129227,142604
10915/121524,133318
10915/130772,146715
10915/130634,146576
10915/61153,64206
10915/61152,64205
10915/146669,162251
10915/146663,162248
10915/129210,142587
10915/165773,186628
10915/165966,186619
10915/166387,187587
10915/182101,206593
10915/186032,207725
10915/194820,221588
10915/195341,221917
10915/197293,224590
10915/147964,163713
10915/162533,182488
10915/90668,99107
10915/82882,88573
10915/70774,74778
10915/37314,37903
10915/38487,39109
10915/89753,97777
10915/148856,163389
10915/161132,180417
10915/162249,182140
10915/163506,182270
10915/116282,127554
10915/135593,151627
10915/172883,195417
10915/193209,219486
10915/194106,220823
10915/88154,95814
10915/38096,38687
10915/152571,169165
10915/147208,162859
10915/180797,205267
10915/73864,78840
10915/17652,16600
10915/78705,84382
10915/40659,41387
10915/106266,114381
10915/101053,108458
10915/74785,80019
10915/44692,45838
10915/44874,46059
10915/145050,160809
10915/141510,156954
10915/118411,129890
10915/171889,193657
10915/194393,221101
10915/194519,221255
10915/195262,222274
10915/15938,14886
10915/57200,59695
10915/147875,163639
10915/149787,165707
10915/48060,49618
10915/46974,48443
10915/52578,54604
10915/147090,162698
10915/142027,157343
10915/107289,115915
10915/108162,118289
10915/181983,206594
10915/130878,146813
10915/123538,135818
10915/29857,29717
10915/69299,73093
10915/52405,54393
10915/65166,68642
10915/68214,71901
10915/17640,16588
10915/77279,82810
10915/98296,108050
10915/99131,106883
10915/37308,37897
10915/37393,37990
10915/102758,111513
10915/100318,108377
10915/33114,33498
10915/139145,154925
10915/132791,148367
10915/130631,146574
10915/67328,70940
10915/65414,68919
10915/48538,50139
10915/110591,120470
10915/9934,8882
10915/165013,185974
10915/193473,220026
10915/186904,212507
10915/93747,101946
10915/36519,37140
10915/101887,110992
10915/103607,112292
10915/36613,37220
10915/102780,111533
10915/155713,172768
10915/103766,112542
10915/17225,16173
10915/145042,160803
10915/161904,181614
10915/160857,180100
10915/162911,182284
10915/38442,39065
10915/38366,38980
10915/46518,47967
10915/48271,49851
10915/36480,37104
10915/154718,171551
10915/139164,154948
10915/133613,143773
10915/117427,128994
10915/179885,204595
10915/180931,203278
10915/181186,205716
10915/194521,221257
10915/194568,221145
10915/93960,102079
10915/43150,44060
10915/100836,106762
10915/64195,67605
10915/86455,94315
10915/98363,106810
10915/106789,114309
10915/33302,33692
10915/105151,115067
10915/38848,39495
10915/9987,8935
10915/97088,105253
10915/95198,105435
10915/82836,88530
10915/56859,59342
10915/68605,72293
10915/53796,56027
10915/37926,38526
10915/78241,83892
10915/74766,80001
10915/151819,168128
10915/142452,158613
10915/155606,172533
10915/167414,189189
10915/162527,182482
10915/162749,181051
10915/161533,180951
10915/58259,60881
10915/25689,24663
10915/44754,45928
10915/48312,49897
10915/47272,48745
10915/13951,12899
10915/45964,47294
10915/45212,46455
10915/8352,7300
10915/58415,61073
10915/117623,128107
10915/12348,11296
10915/52289,54250
10915/144216,160094
10915/139156,154944
10915/132738,148321
10915/154894,171634
10915/134165,149576
10915/149048,164862
10915/112689,123378
10915/113782,124574
10915/68528,72227
10915/9803,8751
10915/166499,187150
10915/148717,164562
10915/36002,36583
10915/31628,31778
10915/192569,218674
10915/195903,222487
10915/1772,710
10915/3149,2087
10915/182105,206705
10915/15921,14869
10915/195552,222556
10915/25925,24920
10915/144801,160545
10915/18586,17309
10915/157622,175267
10915/118480,129835
10915/99433,106991
10915/183110,208172
10915/119540,131092
10915/102222,111229
10915/78501,84127
10915/99264,109318
10915/38888,39537
10915/38512,39135
10915/44172,45196
10915/56265,58694
10915/84057,90721
10915/153400,169845
10915/162910,182266
10915/162118,181835
10915/163942,182277
10915/56862,59344
10915/56860,59343
10915/57888,60498
10915/44938,46133
10915/38141,38745
10915/49058,50665
10915/49664,51325
10915/50228,51960
10915/10198,9146
10915/13614,12562
10915/56624,59074
10915/50366,52117
10915/145344,161012
10915/137694,153468
10915/152060,168379
10915/150257,166317
10915/155034,172132
10915/149664,165581
10915/136955,152724
10915/133248,148735
10915/111997,123101
10915/115699,126930
10915/123458,135410
10915/121354,133139
10915/128280,141479
10915/91575,100014
10915/61009,64057
10915/13676,12624
10915/10322,9270
10915/129170,142537
10915/165561,186630
10915/165914,186620
10915/171881,193608
10915/172315,195027
10915/179037,202340
10915/181166,205697
10915/185107,209484
10915/185383,207683
10915/137278,152966
10915/194926,221147
10915/195439,222222
10915/194220,220942
10915/87899,95558
10915/161560,181201
10915/38545,39164
10915/37889,38489
10915/33378,33776
10915/158485,176477
10915/31941,32127
10915/44750,45924
10915/27069,26347
10915/46629,48075
10915/50440,52196
10915/117710,128140
10915/140873,155593
10915/120649,132377
10915/9967,8915
10915/166040,187093
10915/29546,29475
10915/179380,203249
10915/194046,220674
10915/196855,224164
10915/48913,50514
10915/44231,45295
10915/130358,146150
10915/172597,193876
10915/197208,224633
10915/1804,742
10915/81199,86810
10915/142652,158776
10915/60244,63249
10915/80669,86284
10915/100402,106742
10915/107795,116393
10915/87249,94470
10915/97402,104447
10915/161555,181196
10915/32640,32928
10915/39035,39685
10915/62245,65329
10915/149796,165715
10915/142668,158786
10915/123465,135774
10915/9764,8712
10915/164233,185145
10915/169820,191439
10915/179945,204648
10915/145307,160981
10915/71195,75273
10915/84034,90909
10915/118658,130116
10915/69545,73303
10915/73061,77554
10915/70706,74648
10915/17717,16665
10915/40978,41725
10915/42223,43039
10915/32529,32805
10915/96152,106073
10915/92957,101064
10915/101160,110516
10915/99814,104073
10915/102601,111435
10915/154134,170756
10915/84258,90394
10915/156854,174218
10915/151063,167248
10915/160230,178423
10915/149857,163386
10915/45350,46601
10915/29950,29938
10915/50346,52098
10915/117978,128042
10915/136018,151972
10915/139132,154916
10915/139591,155256
10915/150200,166245
10915/142624,158749
10915/146402,157729
10915/112007,123106
10915/117301,128862
10915/126280,139028
10915/123072,134765
10915/121628,133421
10915/113953,124575
10915/64454,67885
10915/10092,9040
10915/166400,187612
10915/176028,198894
10915/180365,203732
10915/181742,206017
10915/182255,206929
10915/194049,220677
10915/146425,161952
10915/194110,220830
10915/97813,107732
10915/175923,198764
10915/130720,146619
10915/48043,49607
10915/47587,49085
10915/93176,101364
10915/72552,76800
10915/46547,47998
10915/72613,76986
10915/69480,73240
10915/100370,109942
10915/73182,77704
10915/104566,113479
10915/98269,107999
10915/88036,95709
10915/43156,44067
10915/43164,44073
10915/37989,38582
10915/39608,40287
10915/39607,40285
10915/45877,47193
10915/43086,43971
10915/37345,37935
10915/25899,24897
10915/101756,110885
10915/102861,111591
10915/33743,34159
10915/92854,100981
10915/98425,103588
10915/83545,89643
10915/142930,157406
10915/95231,105021
10915/59040,61786
10915/94700,102835
10915/60852,63898
10915/102188,111199
10915/74944,80225
10915/72695,77065
10915/37998,38592
10915/34696,35234
10915/44722,45894
10915/100252,109869
10915/42507,43340
10915/74773,80006
10915/155154,172206
10915/152649,168774
10915/159068,177206
10915/147924,163673
10915/159138,177270
10915/166741,187803
10915/167827,172274
10915/162772,182776
10915/161448,181030
10915/163876,184051
10915/27775,27205
10915/49363,51000
10915/26130,25149
10915/22756,21667
10915/57891,60500
10915/48039,49602
10915/46972,48441
10915/30840,30905
10915/45236,46484
10915/44123,45138
10915/45216,46459
10915/45217,46462
10915/64350,67774
10915/43929,44913
10915/9835,8783
10915/10141,9089
10915/52907,54986
10915/54068,56340
10915/56667,59138
10915/65122,68596
10915/109183,118897
10915/67008,70591
10915/111481,122494
10915/78933,84582
10915/61556,64628
10915/61565,64637
10915/108106,118266
10915/110584,120902
10915/127303,140054
10915/115000,124251
10915/142006,158118
10915/129581,142943
10915/145356,161020
10915/141622,157056
10915/141481,156906
10915/138089,154173
10915/137488,153106
10915/145988,160441
10915/145854,161533
10915/141054,156567
10915/157411,168459
10915/132742,148324
10915/136852,152598
10915/139116,154906
10915/144208,160075
10915/143956,159798
10915/144925,157235
10915/146568,162067
10915/134433,149887
10915/150011,164958
10915/128765,141999
10915/131194,147081
10915/121125,132920
10915/112500,123287
10915/113955,124576
10915/65128,68601
10915/55970,58377
10915/46282,47666
10915/10651,9599
10915/9773,8721
10915/10093,9041
10915/9953,8901
10915/9910,8858
10915/13660,12608
10915/149042,164857
10915/146786,162393
10915/164988,185927
10915/165788,186674
10915/165718,186684
10915/166023,187076
10915/168497,190579
10915/180782,205344
10915/181790,206327
10915/182439,207006
10915/186106,211630
10915/186196,211728
10915/189020,214864
10915/190218,216000
10915/193216,219493
10915/194111,220831
10915/194291,221007
10915/193865,220508
10915/194398,221146
10915/194524,221259
10915/194665,221415
10915/195102,222024
10915/194964,221800
10915/195818,222769
10915/195407,221942
10915/61051,64103
10915/53522,55665
10915/9867,8815
10915/48768,50393
10915/73669,78533
10915/98272,108033
10915/98258,108021
10915/71096,75171
10915/98196,107982
10915/38854,39502
10915/38164,38767
10915/41649,42406
10915/35496,36069
10915/30982,31066
10915/51041,52812
10915/32820,33194
10915/93231,101235
10915/38012,38608
10915/95478,104071
10915/109889,119538
10915/83058,88745
10915/101655,103736
10915/81309,86924
10915/102378,108605
10915/94764,102930
10915/54694,57006
10915/62468,65568
10915/147802,163584
10915/166647,188188
10915/166971,188789
10915/98604,108937
10915/64751,68208
10915/46382,47781
10915/46577,48017
10915/48370,49952
10915/48316,49900
10915/44596,45722
10915/45532,46797
10915/46933,48400
10915/47143,48615
10915/50308,52058
10915/44565,45703
10915/30854,30920
10915/99680,109519
10915/46135,47497
10915/46057,47402
10915/65919,69467
10915/61700,64770
10915/104365,113088
10915/67882,71544
10915/68070,71733
10915/111314,122335
10915/61606,64679
10915/92094,99913
10915/142265,158432
10915/138247,154262
10915/137033,152815
10915/92671,99475
10915/92031,99781
10915/135360,151470
10915/25932,24927
10915/119405,130949
10915/92529,99323
10915/54423,56704
10915/30641,30681
10915/52868,54941
10915/125968,138909
10915/81859,87473
10915/166181,187240
10915/180842,205394
10915/191244,217523
10915/16278,15226
10915/195265,221623
10915/195625,221966
10915/161394,180880
10915/180605,205102
10915/103176,111915
10915/161565,181204
10915/102573,108700
10915/14726,13674
10915/25681,24655
10915/149912,165859
10915/139166,154950
10915/112946,124455
10915/112935,124450
10915/128563,140571
10915/67553,71191
10915/53516,55662
10915/108243,118344
10915/12386,11334
10915/171924,193515
10915/182123,203623
10915/183572,208837
10915/67111,70708
10915/27594,26990
10915/42188,42995
10915/154553,171288
10915/1860,798
10915/178614,202241
10915/54636,56949
10915/108459,118442
10915/77622,83191
10915/3220,2158
10915/86081,94176
10915/52522,54383
10915/133105,148620
10915/44197,45226
10915/143119,159145
10915/31174,31287
10915/152138,168455
10915/18596,17319
10915/135534,151563
10915/176725,199848
10915/191871,202056
10915/76588,82108
10915/109552,119186
10915/109589,119225
10915/105637,115436
10915/36867,37460
10915/38246,38867
10915/102871,111566
10915/40298,41020
10915/39714,40399
10915/107304,114403
10915/32122,32326
10915/79969,85577
10915/109391,119057
10915/146002,157824
10915/136934,152717
10915/167777,189647
10915/58250,60871
10915/9720,8668
10915/49051,50656
10915/110467,120499
10915/111472,122486
10915/75281,80646
10915/114313,124604
10915/145020,160792
10915/154919,172006
10915/154953,171839
10915/128114,140830
10915/151522,167782
10915/132601,148191
10915/132980,148532
10915/194105,220822
10915/194216,220940
10915/194294,221010
10915/194293,221008
10915/62590,65706
10915/193707,220291
10915/72627,76989
10915/75585,81016
10915/57815,60413
10915/51999,53907
10915/93632,101862
10915/76454,81947
10915/76720,82237
10915/98303,108055
10915/40757,41486
10915/36837,37428
10915/36885,37477
10915/99621,109487
10915/38587,39210
10915/99482,108614
10915/79968,85576
10915/55734,58130
10915/155739,172786
10915/101780,108539
10915/95243,102870
10915/50904,52671
10915/102039,111104
10915/136649,152450
10915/158984,177116
10915/162252,182142
10915/164052,184225
10915/21447,20288
10915/44933,46126
10915/58409,61067
10915/32343,32557
10915/44808,45986
10915/44664,45808
10915/50920,52689
10915/55700,58095
10915/46803,48099
10915/107099,115812
10915/111461,122480
10915/111637,121570
10915/88323,96149
10915/62086,65175
10915/62003,65073
10915/112021,121554
10915/116228,127526
10915/129391,142748
10915/139583,155249
10915/132784,148359
10915/148984,164811
10915/117062,128594
10915/117982,128058
10915/114341,124618
10915/114304,124596
10915/152131,167992
10915/128833,142174
10915/118377,129861
10915/139189,143759
10915/118360,129838
10915/127597,140298
10915/113776,124571
10915/113769,124569
10915/91701,99868
10915/64449,67881
10915/9798,8746
10915/9848,8796
10915/149054,164865
10915/122296,134136
10915/129194,142453
10915/129209,142585
10915/129204,142581
10915/164544,185505
10915/165335,186256
10915/173031,192752
10915/144859,160643
10915/179085,200947
10915/11686,10634
10915/181341,203342
10915/181429,205921
10915/177369,200747
10915/182325,203508
10915/182481,203495
10915/190438,216159
10915/193215,219490
10915/31000,31081
10915/193966,220548
10915/194296,221012
10915/195043,221881
10915/195570,222613
10915/196348,223630
10915/197317,224777
10915/65364,68867
10915/73884,78859
10915/78094,83758
10915/152673,169309
10915/134820,150126
10915/143620,157451
10915/143632,157481
10915/144906,157762
10915/145159,157666
10915/170443,184665
10915/74819,80028
10915/106432,116328
10915/54219,56494
10915/68381,72076
10915/73017,77600
10915/70360,74339
10915/98197,107983
10915/77853,83516
10915/100783,110223
10915/42996,43878
10915/38730,39367
10915/38673,39310
10915/38168,38770
10915/41122,41867
10915/41572,42329
10915/36662,37278
10915/46804,48228
10915/35286,35856
10915/35940,36520
10915/96546,106291
10915/33349,33749
10915/51565,53411
10915/37858,38455
10915/37363,37957
10915/40155,40861
10915/39877,40583
10915/39787,40486
10915/79233,84848
10915/90429,98987
10915/80335,85615
10915/95217,102858
10915/106484,116669
10915/87672,95373
10915/60605,63671
10915/159476,177653
10915/142513,158659
10915/137067,152837
10915/148942,163395
10915/159566,177797
10915/162535,182427
10915/161557,181198
10915/161477,181119
10915/162102,181815
10915/163235,182268
10915/163340,182252
10915/15864,14812
10915/29854,29831
10915/30138,30142
10915/60475,63517
10915/1906,844
10915/47313,48787
10915/60979,64025
10915/32165,32366
10915/52977,55070
10915/45938,47254
10915/53213,55324
10915/54124,56402
10915/27691,27093
10915/56151,58577
10915/43415,44382
10915/53598,55773
10915/59341,62080
10915/116635,127928
10915/118126,128179
10915/59387,62194
10915/111380,122394
10915/108900,118764
10915/61608,64682
10915/60313,63317
10915/117823,128261
10915/118030,128189
10915/143364,159425
10915/149682,165614
10915/133895,149349
10915/147680,163314
10915/128500,141075
10915/92476,100163
10915/91890,99809
10915/114657,126177
10915/66407,69993
10915/118657,130114
10915/118171,129602
10915/105528,115363
10915/91734,99686
10915/91398,99383
10915/91402,99494
10915/91535,99472
10915/119039,130565
10915/110264,120397
10915/66382,69971
10915/110445,120834
10915/9949,8897
10915/10359,9307
10915/64446,67880
10915/64445,67878
10915/9983,8931
10915/115079,126433
10915/164279,185232
10915/168596,190654
10915/171106,194251
10915/173029,192754
10915/176223,199440
10915/176386,199630
10915/179209,203225
10915/78335,83984
10915/177021,200399
10915/177486,200477
10915/182855,203611
10915/186925,212534
10915/186923,212533
10915/184075,209545
10915/183263,208404
10915/188346,214155
10915/188344,214124
10915/188590,214330
10915/189305,215084
10915/193127,219453
10915/31002,31083
10915/69158,72925
10915/93120,101316
10915/59262,62042
10915/38495,39118
10915/135637,151648
10915/194857,221664
10915/143891,157517
10915/183939,209398
10915/33003,33379
10915/74022,79045
10915/83885,90312
10915/103725,112498
10915/69050,72816
10915/72495,76802
10915/69229,72983
10915/72597,76945
10915/73546,78297
10915/75300,80684
10915/88415,95665
10915/88082,95749
10915/93598,101846
10915/104478,113450
10915/75521,80943
10915/75510,80910
10915/100401,106737
10915/80588,80981
10915/77245,82808
10915/71767,75880
10915/78000,83665
10915/77167,82706
10915/77195,82736
10915/88039,95711
10915/73763,78688
10915/13439,12387
10915/77174,82710
10915/78680,84277
10915/76566,82069
10915/78504,84128
10915/41746,42512
10915/43338,44297
10915/43555,44523
10915/38472,39095
10915/37895,38496
10915/38703,39341
10915/38892,39541
10915/44092,45106
10915/39827,40535
10915/41281,42034
10915/41199,41943
10915/46187,47564
10915/41195,41939
10915/37689,38278
10915/37511,38117
10915/36694,37311
10915/37745,38333
10915/37743,38332
10915/36479,37103
10915/37181,37777
10915/43119,44007
10915/101699,110857
10915/35430,35997
10915/33943,34399
10915/86610,94288
10915/102799,111549
10915/102849,111581
10915/96622,106339
10915/33695,34107
10915/103526,112281
10915/33322,33713
10915/32894,33267
10915/33187,33573
10915/86039,94160
10915/101321,110529
10915/102604,111440
10915/37653,38253
10915/44066,45078
10915/43935,44944
10915/44376,45460
10915/44510,45640
10915/44374,45458
10915/103338,112083
10915/100910,106960
10915/103400,112149
10915/41555,42311
10915/107434,114445
10915/106430,114502
10915/90823,99216
10915/107122,114311
10915/95195,105430
10915/74011,79032
10915/88995,97939
10915/95712,104639
10915/98394,108796
10915/81408,87032
10915/81496,87130
10915/80820,86455
10915/79881,85481
10915/79860,85462
10915/80241,85869
10915/87267,93701
10915/105760,114800
10915/95662,105218
10915/74902,80172
10915/68357,72054
10915/68241,71934
10915/39825,40533
10915/32624,32912
10915/38017,38611
10915/68383,72078
10915/109369,119035
10915/97431,107456
10915/46071,47423
10915/151113,167299
10915/148008,163880
10915/148592,163370
10915/151324,167527
10915/151277,167522
10915/149616,165527
10915/149501,165411
10915/158572,176587
10915/159100,177232
10915/147783,163542
10915/147800,163581
10915/151229,167485
10915/159239,177397
10915/147857,163635
10915/158478,176470
10915/153370,169776
10915/168422,190491
10915/162913,180442
10915/161480,181123
10915/162134,181854
10915/13694,12642
10915/31059,31147
10915/54588,56899
10915/51728,53602
10915/54978,57305
10915/56563,59014
10915/19409,18163
10915/22185,21064
10915/26054,25070
10915/27389,26742
10915/49315,50934
10915/10195,9143
10915/27110,26408
10915/27109,26407
10915/51608,53463
10915/26186,25208
10915/38441,39062
10915/37747,38335
10915/56227,58653
10915/37250,37839
10915/48352,49936
10915/46667,48112
10915/46289,47673
10915/48314,49899
10915/46918,48384
10915/46953,48419
10915/47202,48674
10915/56573,59023
10915/55469,57838
10915/50328,52079
10915/50233,51959
10915/44288,45359
10915/64379,67803
10915/36651,37267
10915/45548,46814
10915/44522,45656
10915/44195,45222
10915/44280,45356
10915/32534,32810
10915/10183,9131
10915/13598,12546
10915/15816,14764
10915/25096,24052
10915/52792,54857
10915/13995,12943
10915/44568,45706
10915/54007,56273
10915/56005,58422
10915/54090,56365
10915/54441,56721
10915/54378,56657
10915/56236,58662
10915/66926,70514
10915/41644,42402
10915/65106,68582
10915/62964,66124
10915/110955,121214
10915/89575,96755
10915/117878,128214
10915/68018,71687
10915/67378,70999
10915/20009,18791
10915/67638,71271
10915/106042,116102
10915/59039,61785
10915/62087,65176
10915/62504,65603
10915/62566,65681
10915/62884,66034
10915/62143,65231
10915/61637,64712
10915/61733,64805
10915/61562,64634
10915/61722,64787
10915/130305,146297
10915/107968,118125
10915/110694,120298
10915/156023,173177
10915/96738,106416
10915/156652,173979
10915/142360,158525
10915/142002,158116
10915/125466,137532
10915/145353,161017
10915/152096,165263
10915/145041,160802
10915/147339,162979
10915/143303,158941
10915/154910,171671
10915/146291,161893
10915/150424,166479
10915/141051,156564
10915/147256,162905
10915/141734,157097
10915/140780,156342
10915/125207,137528
10915/145023,160794
10915/145765,161321
10915/157582,175232
10915/136744,152540
10915/139128,154914
10915/157657,175303
10915/88018,95607
10915/138481,154420
10915/157547,175203
10915/143688,157321
10915/123117,135606
10915/91857,99769
10915/92686,99994
10915/91742,99693
10915/115797,127030
10915/149309,165067
10915/123900,135986
10915/114768,123713
10915/112902,124426
10915/139554,144129
10915/133359,148855
10915/120918,132714
10915/117604,129169
10915/112035,123118
10915/91692,99716
10915/91394,99870
10915/156146,173325
10915/67284,70897
10915/67264,70878
10915/67361,70982
10915/106943,116831
10915/61335,64415
10915/53849,55974
10915/50697,52452
10915/56684,59156
10915/63261,66423
10915/52902,54982
10915/52956,55049
10915/52853,54925
10915/57418,59955
10915/10555,9503
10915/11708,10656
10915/11474,10422
10915/13642,12590
10915/10309,9257
10915/9814,8762
10915/5587,4525
10915/128381,140896
10915/121753,133530
10915/120485,132177
10915/134070,149499
10915/133978,149418
10915/122764,134919
10915/130106,145918
10915/59035,61781
10915/164983,185921
10915/164343,185171
10915/164344,185170
10915/165563,186622
10915/165787,186669
10915/165750,186694
10915/166102,186621
10915/170947,187541
10915/170946,187540
10915/170945,187539
10915/170944,187538
10915/170927,194101
10915/171304,194368
10915/172880,195413
10915/176328,199508
10915/176041,198905
10915/180076,204233
10915/181649,206175
10915/182093,206572
10915/181903,206450
10915/177161,200476
10915/178232,201810
10915/182697,207355
10915/182289,206971
10915/185990,207769
10915/153373,169777
10915/186687,212329
10915/184941,210054
10915/185100,210148
10915/185115,209485
10915/188876,214735
10915/118430,128169
10915/189402,215064
10915/183668,208975
10915/189562,215345
10915/190174,216029
10915/191250,217529
10915/191451,217373
10915/191504,217410
10915/193585,219798
10915/194050,220679
10915/194199,220825
10915/193948,219868
10915/193859,220504
10915/194363,221064
10915/194822,221110
10915/195256,221620
10915/195623,221967
10915/195621,221624
10915/196035,222729
10915/196078,222767
10915/196382,222830
10915/195347,221921
10915/195350,221941
10915/196972,223905
10915/197228,224639
10915/197872,224935
10915/121332,133108
10915/79775,85378
10915/155619,172596
10915/130880,146814
10915/140320,155900
10915/123807,135967
10915/121061,132845
10915/154728,171559
10915/112011,123097
10915/192996,219266
10915/83537,89630
10915/118138,129569
10915/172204,195299
10915/54855,57165
10915/63364,66519
10915/145930,157230
10915/182968,207863
10915/189340,215136
10915/15909,14857
10915/44949,46150
10915/167996,189912
10915/4444,3382
10915/47396,48874
10915/68013,71678
10915/118696,130144
10915/145060,157423
10915/62270,65157
10915/122950,135045
10915/150856,166998
10915/163808,183977
10915/49619,51274
10915/3279,2217
10915/53511,55656
10915/154637,171461
10915/127551,140241
10915/177099,200102
10915/189959,215742
10915/195203,221970
10915/78111,83751
10915/125128,137648
10915/68127,71808
10915/1805,743
10915/169834,192347
10915/75305,80613
10915/143059,157387
10915/142056,157301
10915/177877,201331
10915/53112,55224
10915/21695,20333
10915/124309,137102
10915/75332,80729
10915/75942,81373
10915/103052,111784
10915/75557,80992
10915/87910,95565
10915/73916,78916
10915/13296,12244
10915/46099,47455
10915/98855,107021
10915/71371,75444
10915/71472,75559
10915/42540,43382
10915/59672,62542
10915/31787,31956
10915/99753,109586
10915/59788,62676
10915/37991,38584
10915/35919,36497
10915/35249,35818
10915/98910,109120
10915/103613,112368
10915/96502,104188
10915/44002,45015
10915/107084,114197
10915/106784,114307
10915/40346,41070
10915/37827,38425
10915/51211,52999
10915/78965,84622
10915/91396,99923
10915/96828,105169
10915/107368,114579
10915/99176,108199
10915/83053,88753
10915/83004,88845
10915/105363,114720
10915/81488,87123
10915/99519,108785
10915/82118,87757
10915/82404,88168
10915/79971,85578
10915/79616,85244
10915/109896,119559
10915/80269,85902
10915/106010,114807
10915/106029,114871
10915/40550,41275
10915/78244,83895
10915/68538,72238
10915/68603,72291
10915/148094,163950
10915/152708,169250
10915/146625,162216
10915/152340,168669
10915/30198,30212
10915/46535,47989
10915/54909,57241
10915/17094,16042
10915/20574,19373
10915/60180,63158
10915/44744,45916
10915/49255,50844
10915/44023,45032
10915/45360,46611
10915/65251,68744
10915/55256,57604
10915/15234,14182
10915/43454,44418
10915/30297,30322
10915/33103,33485
10915/25921,24916
10915/50340,52092
10915/51549,53390
10915/52626,54661
10915/48541,50141
10915/52918,54999
10915/54338,56622
10915/56235,58664
10915/43772,44764
10915/118651,128024
10915/127144,139753
10915/88351,96115
10915/106048,115552
10915/107534,117084
10915/61943,65015
10915/66095,69661
10915/62537,65640
10915/62949,66111
10915/62001,65071
10915/110405,120465
10915/112345,121671
10915/127159,139956
10915/117844,128187
10915/132951,148501
10915/91761,99819
10915/136024,151979
10915/116277,127551
10915/124436,137155
10915/146459,157835
10915/144396,160269
10915/133394,148880
10915/137821,153563
10915/125029,137599
10915/136857,152602
10915/133855,149310
10915/150108,166136
10915/157165,174645
10915/157032,174464
10915/142477,158625
10915/144106,157556
10915/92143,99426
10915/112127,123144
10915/92140,99411
10915/34649,35157
10915/117770,129295
10915/148142,163996
10915/148614,164062
10915/79540,85157
10915/114349,124595
10915/114712,123701
10915/112841,123462
10915/121077,132862
10915/91505,99930
10915/92142,99416
10915/67591,71229
10915/59514,62344
10915/67816,71474
10915/59534,62377
10915/107577,117118
10915/43814,44801
10915/10150,9098
10915/109515,117812
10915/13159,12107
10915/1813,751
10915/115097,125914
10915/122106,133963
10915/34641,35162
10915/114276,125949
10915/127871,140704
10915/129139,142481
10915/146629,157833
10915/129346,142700
10915/164800,185747
10915/169269,191481
10915/169352,191662
10915/169982,192373
10915/169977,192378
10915/170289,192568
10915/171377,193516
10915/171434,194390
10915/59692,62565
10915/172701,195554
10915/173891,192621
10915/174781,197544
10915/175216,198035
10915/43096,43981
10915/134116,149506
10915/181463,203395
10915/181565,206105
10915/182095,206578
10915/177062,200433
10915/177211,200590
10915/178180,201749
10915/178178,201751
10915/182704,207361
10915/95247,102868
10915/186679,212277
10915/186683,212281
10915/188349,214160
10915/189989,215890
10915/191955,218123
10915/31454,31595
10915/30771,30842
10915/30765,30836
10915/30024,30013
10915/4824,3762
10915/194073,220793
10915/30818,30883
10915/194668,221418
10915/195278,222285
10915/177371,200749
10915/45984,47314
10915/32797,33171
10915/72599,76951
10915/81857,77523
10915/49273,50893
10915/75976,81427
10915/40685,41419
10915/78081,83742
10915/70240,74191
10915/69905,73810
10915/100678,110079
10915/76113,81585
10915/100647,110124
10915/70626,74577
10915/77207,82752
10915/78766,84435
10915/46854,48318
10915/71102,75175
10915/34864,35421
10915/42163,42968
10915/42162,42967
10915/99894,109649
10915/40816,41484
10915/34863,35419
10915/40992,41738
10915/37197,37490
10915/38107,38700
10915/36689,37307
10915/44191,45218
10915/35509,36081
10915/34791,35340
10915/36143,36732
10915/86487,94327
10915/100963,106785
10915/35441,36009
10915/98142,104392
10915/101833,104454
10915/13701,12649
10915/92447,100724
10915/95464,105630
10915/98846,109085
10915/38513,39138
10915/64179,67593
10915/39811,40514
10915/40484,41207
10915/39935,40644
10915/40153,40860
10915/44517,45647
10915/88687,96433
10915/94442,102578
10915/104958,113792
10915/79016,84661
10915/94066,102185
10915/88956,97784
10915/101252,108483
10915/80388,86006
10915/81180,86793
10915/80702,86315
10915/80409,85958
10915/64194,67608
10915/92173,100015
10915/68604,72292
10915/78242,83893
10915/72692,77063
10915/104342,113378
10915/104335,113374
10915/65757,69275
10915/19742,18514
10915/100280,109882
10915/42085,42894
10915/100235,109861
10915/159472,177649
10915/151214,167473
10915/155210,172237
10915/149614,165526
10915/146307,161904
10915/158971,177059
10915/148163,163775
10915/159958,178416
10915/166675,188155
10915/56833,59313
10915/167416,189190
10915/167971,189893
10915/109825,119474
10915/168261,190277
10915/79305,84939
10915/155613,172590
10915/160531,179653
10915/153749,170073
10915/161559,181200
10915/162496,182453
10915/161422,180977
10915/162922,181575
10915/18977,17712
10915/20033,18815
10915/31991,32193
10915/58134,60754
10915/25631,24603
10915/24684,23623
10915/17010,15958
10915/19937,18715
10915/27209,26521
10915/49260,50841
10915/58089,60708
10915/49303,50922
10915/27121,26428
10915/56815,59295
10915/32568,32847
10915/46257,47636
10915/46551,48002
10915/47199,48670
10915/19217,17968
10915/47120,48592
10915/49661,51322
10915/45529,46794
10915/44158,45175
10915/44048,45059
10915/45569,46840
10915/46805,48229
10915/44282,45357
10915/30167,30176
10915/65789,69307
10915/53143,55258
10915/45979,47308
10915/53620,55785
10915/43492,44466
10915/55572,57893
10915/42172,42978
10915/27376,26729
10915/42866,43720
10915/66915,70504
10915/59360,62166
10915/134909,150211
10915/87993,95614
10915/148113,163966
10915/62873,65938
10915/116648,127968
10915/30506,30546
10915/67701,71338
10915/61947,65017
10915/62179,65271
10915/25305,24264
10915/61605,64678
10915/62077,65164
10915/18683,17408
10915/61629,64703
10915/62076,65165
10915/116536,127831
10915/134903,150195
10915/112179,121483
10915/112430,121533
10915/110890,120255
10915/110842,120245
10915/111030,121282
10915/118085,128163
10915/117836,128212
10915/113238,124660
10915/148488,164346
10915/119351,130899
10915/131285,147157
10915/156444,173691
10915/152101,165266
10915/128977,142254
10915/144646,160476
10915/150578,166640
10915/151851,168170
10915/140216,155816
10915/150410,166469
10915/147265,162913
10915/135878,151853
10915/135868,151841
10915/136023,151978
10915/142487,158635
10915/139160,154945
10915/146508,162033
10915/133537,148999
10915/137917,153648
10915/152024,168177
10915/138666,154580
10915/138527,154454
10915/150599,166676
10915/92696,100000
10915/91140,99511
10915/92673,99989
10915/91836,99642
10915/126816,139474
10915/60828,63868
10915/121619,133407
10915/124050,136113
10915/135386,151503
10915/118603,130075
10915/113302,124720
10915/139693,144247
10915/146753,162360
10915/156184,173364
10915/118173,129603
10915/120209,131902
10915/117294,128857
10915/91381,99616
10915/148577,164427
10915/67795,71452
10915/67492,71124
10915/56138,58557
10915/61293,64375
10915/59270,62051
10915/77215,82758
10915/47369,48841
10915/47106,48576
10915/9893,8841
10915/51304,53099
10915/10097,9045
10915/146671,162254
10915/129206,142582
10915/129364,142722
10915/72582,76924
10915/164999,185962
10915/68120,71804
10915/62562,65676
10915/165150,186111
10915/165751,186692
10915/166350,187544
10915/168721,190742
10915/171997,194999
10915/172303,195026
10915/172971,195175
10915/173874,196646
10915/175640,198151
10915/176023,198889
10915/176847,199931
10915/41506,42261
10915/180212,204252
10915/180216,204255
10915/181768,206262
10915/177619,201008
10915/182851,203632
10915/187164,213023
10915/184250,208736
10915/183299,208461
10915/183527,208876
10915/184064,208624
10915/189277,215111
10915/190483,216600
10915/191200,216989
10915/191134,217462
10915/191247,217527
10915/191987,218232
10915/192371,218781
10915/192855,217081
10915/193424,219528
10915/31590,31734
10915/138447,154391
10915/168702,190768
10915/193864,220507
10915/194666,221416
10915/194670,221420
10915/114196,125941
10915/114365,126027
10915/194998,221828
10915/195261,221626
10915/195195,222129
10915/195323,222321
10915/196331,222883
10915/195162,222123
10915/196940,224275
10915/197867,224931
10915/197854,224982
10915/130858,146793
10915/87995,95678
10915/98853,106906
10915/70513,74463
10915/76429,81927
10915/103174,111911
10915/77759,83349
10915/38701,39340
10915/40714,41442
10915/37041,37647
10915/99512,108732
10915/106371,114926
10915/44496,45625
10915/88812,97692
10915/88838,97743
10915/99456,108239
10915/96972,104543
10915/98745,104092
10915/86936,93794
10915/105103,115028
10915/87288,94485
10915/75140,80454
10915/72831,77287
10915/78284,83928
10915/102044,111110
10915/149046,163414
10915/148484,163404
10915/150890,167037
10915/167933,189789
10915/163759,183940
10915/11331,10279
10915/57887,60497
10915/57901,60516
10915/57808,60405
10915/58217,60838
10915/32013,32210
10915/65688,69211
10915/27079,26358
10915/48282,49865
10915/110091,120317
10915/65791,69309
10915/33713,34129
10915/13479,12427
10915/53660,55834
10915/53668,55843
10915/52232,54177
10915/125806,137919
10915/111506,122521
10915/111474,122487
10915/110400,120466
10915/110677,120293
10915/111959,123082
10915/116937,128450
10915/58886,61586
10915/101143,110439
10915/155955,173061
10915/147416,158236
10915/149944,165914
10915/149910,165856
10915/142850,158918
10915/144129,159951
10915/138756,154629
10915/129270,142646
10915/154968,171635
10915/142965,159027
10915/154956,171844
10915/147645,163289
10915/114886,126351
10915/114577,123679
10915/118356,129827
10915/120979,132776
10915/117291,128856
10915/61295,64376
10915/53841,55962
10915/10154,9102
10915/121119,132889
10915/122475,134342
10915/148773,164623
10915/171670,193594
10915/175307,198330
10915/179323,203788
10915/180234,204867
10915/180650,205237
10915/188210,213133
10915/187580,213402
10915/194882,221581
10915/195111,222035
10915/195103,222025
10915/197286,224583
10915/169216,191298
10915/92513,100766
10915/88048,95718
10915/57874,60475
10915/3735,2673
10915/62396,65491
10915/140226,155821
10915/5043,3981
10915/120359,132049
10915/53575,55732
10915/86572,91300
10915/142244,157305
10915/155651,172627
10915/70962,74997
10915/160084,178769
10915/143711,157488
10915/146000,157740
10915/155516,172503
10915/166198,185973
10915/159085,177220
10915/56249,58671
10915/52537,53038
10915/191288,217541
10915/3157,2095
10915/96245,106111
10915/59627,62482
10915/181465,206048
10915/60509,63559
10915/5319,4257
10915/53391,55517
10915/148161,164013
10915/131764,147522
10915/21834,20676
10915/1930,868
10915/53383,55510
10915/63246,66409
10915/50834,52498
10915/180197,204828
10915/61071,64121
10915/81141,86758
10915/143483,157555
10915/81633,87262
10915/93503,101786
10915/81777,87391
10915/44794,45967
10915/51000,52582
10915/130495,146460
10915/106084,116037
10915/113025,124458
10915/141729,157144
10915/123523,135808
10915/172998,195857
10915/181354,205495
10915/42040,42843
10915/101516,110676
10915/43082,43965
10915/33965,34418
10915/154513,170933
10915/89084,97969
10915/55243,57587
10915/79586,85202
10915/90077,97270
10915/103767,112544
10915/152262,162159
10915/167438,189206
10915/153999,170253
10915/29766,29692
10915/49781,51447
10915/64238,65713
10915/150465,166518
10915/144260,160078
10915/142444,157817
10915/114783,126120
10915/121058,132843
10915/110391,120797
10915/64428,67856
10915/9877,8825
10915/145842,157565
10915/122923,135020
10915/127888,140689
10915/177095,200455
10915/143218,159232
10915/186380,211927
10915/1867,805
10915/193332,219891
10915/106556,116699
10915/195108,222033
10915/72002,76176
10915/72289,76101
10915/72966,77498
10915/107167,115868
10915/73148,77790
10915/75340,80737
10915/73396,78140
10915/72924,77454
10915/76000,81444
10915/44368,45453
10915/67761,71407
10915/68899,72634
10915/73102,77735
10915/82288,84319
10915/76684,82208
10915/97742,107674
10915/71040,75101
10915/93937,102051
10915/45885,47200
10915/78792,84455
10915/69620,73479
10915/42624,43469
10915/31993,32196
10915/31689,31840
10915/32310,32531
10915/38421,39040
10915/38716,39354
10915/40784,41511
10915/39717,40402
10915/39145,39806
10915/40637,41367
10915/40214,40919
10915/41575,42330
10915/37037,37643
10915/36863,37454
10915/38393,39006
10915/37732,38320
10915/36979,37587
10915/36687,37304
10915/57376,59891
10915/35176,35741
10915/35506,36079
10915/39493,40160
10915/86028,94157
10915/99618,109484
10915/96618,106337
10915/64875,68341
10915/98946,109148
10915/105358,115227
10915/102792,111545
10915/106638,115690
10915/96615,106335
10915/106704,114180
10915/106665,114204
10915/59751,62626
10915/33165,33549
10915/30387,30412
10915/33899,34341
10915/31781,31949
10915/30504,30544
10915/33431,33839
10915/30393,30417
10915/13686,12634
10915/86730,94887
10915/98901,109095
10915/40349,41073
10915/39892,40601
10915/39744,40434
10915/39584,40260
10915/49607,51264
10915/98726,103636
10915/97176,103707
10915/73980,79002
10915/85131,91768
10915/105558,114262
10915/89072,97786
10915/99820,103756
10915/90275,97537
10915/82700,88429
10915/91990,99839
10915/102603,111438
10915/79571,85188
10915/90455,97277
10915/16084,15032
10915/40538,41261
10915/81825,87447
10915/94989,103150
10915/82545,88169
10915/81189,86032
10915/82326,87968
10915/80061,85662
10915/51196,52981
10915/80102,85704
10915/94685,102823
10915/102086,108573
10915/105249,114886
10915/95833,105893
10915/105992,114873
10915/53797,56028
10915/52989,55085
10915/26084,25097
10915/74362,79419
10915/68451,72146
10915/68217,71906
10915/84083,90645
10915/72154,76317
10915/85110,76576
10915/106445,115661
10915/148012,163883
10915/160202,178756
10915/151314,167571
10915/151971,162162
10915/151231,167487
10915/159197,177360
10915/160025,178728
10915/160482,179607
10915/149483,165390
10915/150785,166931
10915/158994,177126
10915/149476,162121
10915/151444,167703
10915/159567,177798
10915/159756,178121
10915/160372,179368
10915/166794,187772
10915/167427,189202
10915/167421,189197
10915/167413,189188
10915/162315,182202
10915/162918,182248
10915/163055,183043
10915/161553,181194
10915/163794,183968
10915/163849,182259
10915/164122,182363
10915/160835,180110
10915/25041,23987
10915/58154,60774
10915/58269,60891
10915/51823,53707
10915/23122,22031
10915/106126,115605
10915/10951,9899
10915/18342,17062
10915/19573,18334
10915/15877,14825
10915/27627,27023
10915/29861,29839
10915/51691,53566
10915/29153,29103
10915/27798,27231
10915/51686,53559
10915/49383,51019
10915/47101,48571
10915/47200,48672
10915/48497,50088
10915/44067,45079
10915/30845,30910
10915/56567,59018
10915/47379,48851
10915/60768,63813
10915/42981,43862
10915/29874,29853
10915/46627,48072
10915/46061,47412
10915/44051,45061
10915/31734,31899
10915/31857,32039
10915/31070,31155
10915/32245,32460
10915/32716,33069
10915/32819,33196
10915/10175,9123
10915/10176,9124
10915/52352,54332
10915/42271,43095
10915/52915,54996
10915/45640,46910
10915/58491,61148
10915/46357,47750
10915/46134,47496
10915/53788,56019
10915/56294,58727
10915/54027,56298
10915/56450,58891
10915/52293,54254
10915/50510,52273
10915/64834,68298
10915/43742,44732
10915/57075,59568
10915/59279,62032
10915/66559,70148
10915/59342,62078
10915/68660,72358
10915/65540,69044
10915/106947,116836
10915/108720,117660
10915/110456,120531
10915/40968,41697
10915/65043,68516
10915/65935,67672
10915/54959,57286
10915/65982,69534
10915/125427,137807
10915/110274,120356
10915/112218,121412
10915/110799,120294
10915/110546,120872
10915/110616,120311
10915/113020,121667
10915/112600,121968
10915/111558,121864
10915/129714,143067
10915/117963,128182
10915/91792,99978
10915/112209,123159
10915/133016,148567
10915/132688,148274
10915/118820,130313
10915/156692,174027
10915/130879,146815
10915/116190,127509
10915/145982,161405
10915/150112,166132
10915/133638,149109
10915/133539,149029
10915/150229,166293
10915/141530,153861
10915/97926,107807
10915/144860,160644
10915/144382,160271
10915/116279,127543
10915/144845,159855
10915/144009,159861
10915/139911,155489
10915/151823,168156
10915/157594,175246
10915/157672,175322
10915/146951,162559
10915/137035,152816
10915/146083,161671
10915/152248,168570
10915/134963,151299
10915/92674,99479
10915/92633,99395
10915/91105,99516
10915/91108,99556
10915/34640,35155
10915/91534,99470
10915/126288,139054
10915/124088,135259
10915/127802,141018
10915/58847,61546
10915/123400,135740
10915/90454,98997
10915/136698,144082
10915/154630,171417
10915/119626,131225
10915/141128,144468
10915/118256,129711
10915/118458,129955
10915/127666,140361
10915/118565,130043
10915/120963,132747
10915/112506,123290
10915/117751,128134
10915/112535,123308
10915/91366,99625
10915/91538,99485
10915/91539,99488
10915/92381,100142
10915/91465,99826
10915/91371,99648
10915/92008,99339
10915/92626,99392
10915/113661,125194
10915/119576,131154
10915/119194,130727
10915/59396,62209
10915/59394,62207
10915/106645,115709
10915/50702,52457
10915/48006,49572
10915/50591,52345
10915/48074,49632
10915/64441,67875
10915/9872,8820
10915/64416,67845
10915/10100,9048
10915/10589,9537
10915/10598,9546
10915/149085,164919
10915/135744,151253
10915/165324,184942
10915/166256,187401
10915/166396,187606
10915/166388,187599
10915/166483,187451
10915/166601,188109
10915/169297,191575
10915/170095,192902
10915/170338,193075
10915/170382,184618
10915/171349,194332
10915/171865,194902
10915/172202,195300
10915/172430,193746
10915/172962,195728
10915/172955,195726
10915/174368,197164
10915/174539,192728
10915/174903,197741
10915/175290,198294
10915/175605,198072
10915/175618,198501
10915/104120,113232
10915/176727,199797
10915/176906,200072
10915/178849,202601
10915/179159,202850
10915/179264,203761
10915/179472,203629
10915/179820,204385
10915/180779,205342
10915/180831,205379
10915/181044,205576
10915/181152,203298
10915/181476,205943
10915/181776,206312
10915/177707,201115
10915/177960,201438
10915/178401,199323
10915/178800,202530
10915/185587,210977
10915/185659,209336
10915/186000,211386
10915/187189,213047
10915/187103,212656
10915/184508,209853
10915/157911,175666
10915/182997,203685
10915/183315,208505
10915/183317,208506
10915/188645,214309
10915/188741,212833
10915/189096,214911
10915/189353,215160
10915/189603,214767
10915/189818,215653
10915/190709,216765
10915/191222,217418
10915/192346,218627
10915/193140,219462
10915/193662,220304
10915/194051,220680
10915/194103,220819
10915/138451,154395
10915/168724,190770
10915/193855,220498
10915/192522,218642
10915/17492,16440
10915/192597,218672
10915/30805,30872
10915/194671,221421
10915/53169,55234
10915/85171,91505
10915/195281,222288
10915/195960,223229
10915/196560,223815
10915/195282,222287
10915/195157,222114
10915/14117,13065
10915/197319,224779
10915/197773,225000
10915/36800,37392
10915/4762,3700
10915/40190,39281
10915/66337,69930
10915/139729,155468
10915/161951,181624
10915/141581,156943
10915/72647,77026
10915/65718,69240
10915/75988,81438
10915/93575,101828
10915/75546,80979
10915/77999,83664
10915/78429,84063
10915/98110,107925
10915/104125,112847
10915/32080,32281
10915/76546,82056
10915/42185,42990
10915/59883,62782
10915/42578,43423
10915/42838,43690
10915/41386,42136
10915/41088,41834
10915/37292,37881
10915/105396,115257
10915/96455,104918
10915/96636,106351
10915/97841,106793
10915/97521,107509
10915/100017,106879
10915/93227,98748
10915/91842,98747
10915/95383,104428
10915/154189,170830
10915/30627,30666
10915/33992,34437
10915/33509,33928
10915/107353,116987
10915/105915,114906
10915/93388,101134
10915/103480,112237
10915/37867,38468
10915/37077,37670
10915/90405,96749
10915/90888,96771
10915/107124,114556
10915/82597,88292
10915/104963,114131
10915/91408,100365
10915/90590,97278
10915/80573,86148
10915/98587,108928
10915/51153,52939
10915/87560,94548
10915/85940,94090
10915/52009,53931
10915/152299,168623
10915/159434,177597
10915/159991,177916
10915/136591,152416
10915/142658,158783
10915/148095,163947
10915/160902,180092
10915/155267,171678
10915/162955,182946
10915/161554,181195
10915/32642,32930
10915/54862,57183
10915/57813,60410
10915/59809,62701
10915/54384,56664
10915/29829,29800
10915/65700,69222
10915/13557,12505
10915/55064,57391
10915/55063,57390
10915/50282,52023
10915/27898,27356
10915/44552,45688
10915/32719,33072
10915/52924,55006
10915/61291,64372
10915/66944,70534
10915/66656,70244
10915/88788,97687
10915/142941,157458
10915/112551,121392
10915/104801,113073
10915/109228,117773
10915/110049,120598
10915/110062,120607
10915/111485,122497
10915/108938,118779
10915/85985,93678
10915/61889,64957
10915/62286,65370
10915/108492,118517
10915/110784,120228
10915/130401,146375
10915/36349,36946
10915/154702,171520
10915/118825,130315
10915/156701,174064
10915/145018,160790
10915/144842,160626
10915/157068,174513
10915/157694,175368
10915/15851,14799
10915/147604,163233
10915/139136,154919
10915/139143,154924
10915/139914,155589
10915/132570,148168
10915/144128,157534
10915/143933,157507
10915/128237,140938
10915/122358,134210
10915/144727,157608
10915/144686,157691
10915/119570,131149
10915/113611,123891
10915/133379,143718
10915/154580,171321
10915/113589,123883
10915/131206,147092
10915/120193,131893
10915/67957,71637
10915/106742,115748
10915/106737,115744
10915/54150,56426
10915/108321,118406
10915/110883,121129
10915/47730,49278
10915/64426,67854
10915/9790,8738
10915/116045,127318
10915/116029,127296
10915/29356,29317
10915/170213,184574
10915/170319,193051
10915/165109,186053
10915/171671,193607
10915/171839,194891
10915/172284,193721
10915/172799,195618
10915/172831,195437
10915/173554,192566
10915/174679,197468
10915/175110,197915
10915/176289,199484
10915/176901,200049
10915/176969,200221
10915/179008,202218
10915/131153,147018
10915/177716,201138
10915/59709,62581
10915/178827,202554
10915/157793,175489
10915/185354,210578
10915/188253,214048
10915/190172,207933
10915/190120,215980
10915/192020,218110
10915/193315,219631
10915/30804,30871
10915/30906,30974
10915/194287,221002
10915/194389,221096
10915/30978,31062
10915/30767,30838
10915/194512,221235
10915/194514,221238
10915/14580,13528
10915/194662,221413
10915/195191,222134
10915/96137,106064
10915/195553,222496
10915/146008,161663
10915/73673,78540
10915/67044,70640
10915/37731,38318
10915/83329,89574
10915/48521,50110
10915/25263,24185
10915/168808,191008
10915/177891,201339
10915/178744,202425
10915/183069,208140
10915/197850,225784
10915/21132,19962
10915/67280,70896
10915/53679,55858
10915/189200,214982
10915/191662,217801
10915/124069,135892
10915/3213,2151
10915/163715,183856
10915/1914,852
10915/67219,70795
10915/146740,162341
10915/68054,71716
10915/75886,81351
10915/197547,225304
10915/37496,38038
10915/69301,73095
10915/49548,51200
10915/111427,122455
10915/152142,168458
10915/148271,164140
10915/1770,708
10915/75800,81235
10915/33288,33678
10915/90561,99069
10915/10938,9886
10915/46956,48421
10915/67039,70635
10915/125652,137889
10915/144023,159870
10915/139551,155212
10915/139424,155138
10915/138679,154594
10915/146591,157786
10915/67037,70633
10915/9918,8866
10915/134828,149736
10915/163987,184146
10915/139615,155274
10915/166000,186984
10915/181836,206307
10915/87149,95138
10915/168443,190506
10915/120847,132536
10915/172403,195452
10915/178942,202687
10915/49195,50811
10915/102887,107208
10915/30483,30521
10915/69048,72815
10915/75803,81146
10915/75804,81246
10915/106513,115676
10915/75260,80587
10915/76256,81747
10915/87888,95546
10915/97855,105301
10915/73207,77841
10915/77289,82791
10915/76925,82464
10915/98649,108121
10915/70347,74297
10915/70448,74415
10915/17649,16597
10915/17653,16601
10915/67434,71059
10915/37038,37644
10915/71631,75732
10915/66500,70070
10915/76680,82203
10915/76593,82114
10915/76698,82217
10915/63128,66285
10915/134674,150006
10915/102217,111226
10915/76681,82206
10915/70134,73940
10915/76799,82336
10915/85204,91616
10915/71402,75476
10915/93654,101877
10915/76444,81939
10915/76439,81934
10915/76646,82165
10915/103164,111846
10915/70709,74649
10915/55616,58005
10915/31786,31955
10915/32144,32345
10915/31998,32199
10915/38496,39113
10915/38727,39366
10915/37996,38587
10915/38595,39208
10915/39740,40429
10915/96136,106063
10915/101881,110986
10915/40880,41611
10915/40911,41642
10915/41051,41792
10915/41053,41794
10915/41117,41862
10915/41077,41819
10915/35032,35601
10915/37217,37807
10915/36862,37452
10915/36833,37424
10915/35340,35906
10915/42225,43042
10915/36831,37422
10915/36894,37486
10915/37104,37699
10915/101629,110811
10915/106782,114308
10915/35387,35948
10915/35507,36080
10915/30428,30456
10915/34781,35332
10915/36841,37432
10915/86170,94205
10915/105711,114791
10915/86474,94320
10915/105541,115357
10915/106685,114453
10915/96480,106225
10915/107410,117017
10915/104152,113247
10915/105375,115239
10915/101832,110940
10915/106799,114313
10915/98798,108148
10915/97963,104394
10915/30916,30983
10915/33418,33825
10915/32924,33300
10915/33396,33797
10915/161563,181202
10915/33422,33830
10915/33469,33887
10915/34328,34801
10915/34525,35038
10915/134768,150076
10915/107335,116979
10915/36686,37305
10915/106229,114905
10915/37412,38006
10915/36957,37564
10915/37145,37740
10915/40234,40950
10915/38937,39587
10915/40524,41247
10915/40274,40994
10915/101339,103613
10915/73839,78816
10915/99982,108341
10915/100182,108356
10915/100461,108383
10915/90877,99263
10915/106560,114378
10915/107391,114370
10915/107612,114441
10915/107386,114540
10915/107529,114524
10915/105557,114499
10915/106776,114327
10915/106157,114356
10915/107116,114512
10915/99803,108293
10915/99827,108306
10915/94175,102293
10915/94184,102300
10915/88382,96063
10915/98872,108156
10915/73919,78919
10915/88327,96141
10915/99203,108215
10915/155691,172744
10915/106023,114405
10915/154208,170875
10915/96276,104736
10915/88861,97693
10915/89391,97640
10915/95624,105727
10915/105045,114660
10915/106955,114620
10915/101386,108500
10915/81431,87055
10915/40064,40773
10915/81971,87594
10915/81586,87213
10915/81774,87399
10915/81820,87442
10915/102807,108702
10915/82470,88133
10915/82550,88206
10915/101150,108473
10915/89135,97187
10915/89119,97131
10915/80075,85674
10915/95953,105981
10915/85987,94121
10915/105060,114994
10915/54050,56322
10915/72832,77288
10915/60435,63473
10915/106355,114529
10915/106180,116175
10915/74534,79702
10915/87061,95028
10915/109448,117869
10915/84647,90548
10915/72159,76334
10915/33751,34168
10915/100251,109868
10915/100154,109800
10915/68755,72483
10915/74756,79989
10915/48001,49567
10915/150292,163490
10915/153214,169002
10915/160040,178647
10915/152979,169503
10915/160464,179576
10915/156808,174170
10915/154937,172069
10915/149765,165683
10915/149736,165645
10915/146298,161899
10915/132631,148217
10915/149228,163476
10915/147731,163508
10915/150285,163460
10915/149188,163458
10915/148949,163428
10915/158548,176560
10915/151998,162171
10915/153256,169708
10915/159557,177782
10915/159753,178155
10915/159671,177979
10915/161216,180577
10915/166668,187753
10915/167412,189187
10915/167448,189229
10915/168009,189950
10915/162519,182477
10915/162690,182692
10915/162788,182574
10915/162909,182263
10915/153814,170340
10915/161186,180551
10915/161481,181124
10915/29155,29105
10915/54376,56656
10915/10045,8993
10915/11376,10324
10915/58155,60775
10915/58249,60870
10915/57854,60454
10915/51743,53617
10915/58242,60863
10915/49581,51236
10915/49545,51193
10915/25887,24882
10915/57616,60208
10915/30066,30067
10915/20087,18871
10915/20204,18998
10915/20404,19201
10915/20964,19779
10915/21137,19967
10915/21786,20644
10915/54968,57295
10915/44740,45911
10915/54579,56885
10915/32683,33025
10915/32684,33027
10915/26188,25210
10915/51746,53620
10915/57896,60514
10915/60528,63591
10915/64723,68177
10915/56389,58827
10915/48679,50321
10915/47743,49290
10915/57271,59771
10915/46825,48250
10915/44029,45040
10915/44039,45048
10915/58071,60690
10915/30005,29995
10915/29907,29886
10915/47387,48866
10915/10208,9156
10915/54977,57304
10915/45258,46502
10915/44121,45136
10915/49835,51507
10915/45034,46236
10915/44095,45109
10915/40990,41737
10915/3486,2424
10915/60203,63202
10915/4472,3410
10915/43794,44781
10915/9931,8879
10915/44530,45665
10915/44806,45985
10915/47790,49256
10915/63915,67323
10915/32235,32450
10915/33108,33491
10915/14892,13840
10915/13978,12926
10915/65641,69164
10915/52392,54377
10915/44785,45953
10915/50554,52308
10915/50097,51820
10915/13820,12768
10915/53846,55963
10915/55702,58097
10915/54019,56290
10915/61296,64378
10915/54355,56640
10915/54326,56610
10915/50785,52548
10915/50695,52449
10915/110941,121198
10915/109914,117829
10915/116598,127912
10915/117848,128067
10915/48128,49688
10915/67757,71412
10915/106129,115606
10915/106911,116821
10915/107633,117151
10915/109106,117766
10915/108678,117584
10915/79931,85530
10915/111130,121362
10915/109178,118939
10915/64910,68377
10915/61721,64784
10915/55322,57679
10915/61526,64604
10915/58662,61329
10915/61898,64965
10915/66005,69563
10915/125420,137802
10915/129772,143133
10915/131035,146948
10915/110879,120297
10915/142611,157443
10915/112328,122040
10915/111366,121911
10915/113116,121956
10915/111926,122056
10915/116973,128490
10915/129695,143058
10915/116796,128386
10915/127238,140000
10915/117678,128108
10915/116781,128371
10915/113075,124491
10915/92010,99343
10915/133034,148589
10915/114303,124598
10915/133578,148449
10915/132939,148489
10915/41087,41038
10915/145316,158557
10915/156375,173600
10915/147420,158238
10915/130855,146790
10915/14946,13894
10915/3828,2766
10915/147093,162732
10915/141502,156947
10915/149946,165917
10915/142943,153955
10915/152805,169016
10915/38546,39170
10915/133686,149147
10915/140830,156384
10915/144357,160057
10915/144400,160240
10915/144411,160293
10915/144406,160063
10915/144342,160221
10915/144383,160272
10915/139416,155120
10915/14368,13316
10915/136855,152601
10915/139118,154908
10915/140469,156032
10915/144347,159963
10915/140078,155723
10915/140236,155827
10915/139593,155258
10915/139575,155231
10915/139245,155003
10915/129050,142357
10915/129967,145862
10915/142683,158796
10915/157035,174466
10915/133150,148657
10915/137500,153116
10915/157366,174907
10915/139034,154815
10915/142377,157319
10915/114693,126211
10915/67153,70756
10915/125842,138586
10915/127835,141033
10915/148967,164797
10915/18234,16947
10915/112146,123151
10915/112259,101416
10915/92636,99400
10915/112612,122156
10915/57814,60412
10915/117299,128860
10915/92541,99351
10915/91368,99635
10915/91709,99355
10915/132278,147957
10915/117997,129440
10915/135596,150389
10915/126652,139297
10915/130302,145742
10915/123684,135449
10915/114637,123694
10915/122286,134119
10915/122330,134166
10915/114347,124616
10915/115436,126662
10915/128133,141349
10915/124185,136288
10915/128742,142092
10915/144561,157702
10915/145317,157754
10915/126646,139294
10915/118328,129775
10915/14517,13465
10915/112892,124419
10915/119435,130981
10915/119824,131463
10915/113578,123862
10915/92552,99376
10915/118169,129600
10915/118137,129570
10915/118320,129768
10915/114421,123652
10915/113465,123975
10915/120953,132736
10915/81631,87264
10915/112456,123253
10915/91571,99836
10915/91791,99915
10915/91819,99649
10915/91710,99358
10915/131522,147337
10915/59386,62193
10915/68051,71714
10915/55990,58408
10915/61240,64296
10915/18288,17006
10915/30002,29992
10915/14023,12971
10915/19038,17776
10915/110098,120321
10915/110529,120475
10915/110420,120441
10915/9927,8875
10915/9886,8834
10915/51310,53103
10915/9819,8767
10915/9813,8761
10915/49011,50618
10915/148979,164808
10915/134520,149941
10915/115551,126755
10915/123713,135270
10915/149160,164998
10915/149126,164944
10915/127950,140566
10915/56880,59360
10915/45091,46301
10915/128127,140722
10915/123111,134820
10915/115019,124303
10915/134264,149656
10915/129144,142482
10915/156381,173609
10915/130846,146780
10915/102923,111653
10915/126885,139535
10915/165319,184925
10915/166183,187270
10915/166553,187786
10915/169304,184415
10915/169740,184489
10915/170206,193003
10915/170291,192768
10915/170603,193196
10915/171062,194125
10915/171210,194258
10915/171257,193457
10915/171413,192425
10915/171436,194395
10915/171569,192435
10915/171833,194888
10915/172263,194584
10915/172417,195464
10915/172959,195725
10915/173800,192581
10915/174478,192710
10915/174400,197170
10915/174970,197799
10915/175580,198147
10915/175761,197959
10915/175802,198699
10915/176530,199585
10915/176857,199937
10915/178932,202676
10915/179662,204365
10915/179893,202865
10915/180149,203288
10915/180722,203483
10915/181158,203527
10915/181427,205917
10915/181493,205971
10915/181876,202968
10915/129811,143183
10915/181978,206532
10915/182133,206749
10915/182159,202985
10915/177299,200678
10915/177812,201255
10915/148007,163878
10915/178716,202417
10915/182808,203612
10915/182809,203621
10915/182240,206908
10915/69544,73321
10915/185619,210915
10915/185918,209330
10915/186157,211691
10915/184576,209950
10915/184819,210195
10915/184811,209864
10915/185261,209300
10915/183777,209048
10915/188732,214549
10915/182006,206623
10915/189901,215764
10915/189988,215889
10915/191984,218226
10915/191948,218116
10915/192188,218354
10915/176654,199807
10915/192884,219023
10915/193212,219489
10915/193325,219642
10915/31069,31156
10915/30770,30841
10915/30948,31025
10915/138452,154397
10915/194214,220937
10915/17480,16428
10915/30861,30930
10915/191533,217648
10915/194517,221254
10915/194965,221801
10915/194431,221183
10915/98006,107853
10915/195575,222618
10915/195748,223052
10915/195979,223237
10915/197007,224372
10915/197026,224379
10915/197117,224555
10915/197254,224650
10915/52442,54448
10915/197744,225570
10915/197779,225574
10915/197920,225935
10915/91740,98623
10915/86836,94924
10915/68678,72355
10915/131966,147709
10915/182022,206624
10915/83738,90211
10915/31836,32009
10915/3286,2224
10915/96207,104534
10915/37040,37646
10915/33951,34388
10915/15839,14787
10915/75022,80302
10915/149770,165688
10915/147742,163521
10915/158100,176027
10915/158099,176026
10915/161551,181193
10915/49579,51233
10915/21043,19865
10915/18587,17310
10915/58489,61147
10915/61955,64976
10915/110277,120733
10915/112433,123229
10915/136364,152212
10915/138130,154189
10915/146317,161915
10915/141307,156786
10915/147408,163034
10915/150184,166221
10915/128685,141096
10915/148221,164099
10915/134392,149827
10915/123295,135684
10915/142687,157699
10915/118065,129503
10915/113731,125216
10915/120978,132772
10915/53919,56170
10915/3304,2242
10915/121485,133255
10915/166035,187082
10915/166062,187116
10915/169060,190889
10915/171308,194413
10915/180627,205152
10915/181920,182354
10915/177041,200403
10915/193775,220394
10915/66508,70085
10915/104995,111260
10915/61832,64900
10915/32359,32583
10915/155296,172311
10915/160780,179681
10915/4390,3328
10915/99581,109462
10915/127735,140431
10915/136097,152039
10915/137562,153386
10915/81738,87361
10915/120656,132393
10915/2985,1923
10915/70088,74023
10915/184225,209651
10915/4323,3261
10915/191549,217679
10915/196188,223431
10915/53110,55218
10915/34310,34769
10915/160055,178760
10915/10949,9897
10915/67041,70637
10915/178953,202699
10915/77879,83382
10915/100857,110275
10915/52075,53999
10915/59254,62022
10915/168991,191097
10915/68262,71958
10915/47268,48731
10915/57210,59622
10915/116194,127516
10915/138006,153709
10915/139879,155568
10915/49825,51491
10915/80106,85690
10915/74369,79431
10915/162952,182921
10915/31867,32053
10915/38643,39267
10915/119185,130711
10915/69816,73715
10915/42737,43291
10915/40641,40780
10915/38348,38960
10915/37712,38301
10915/33858,32979
10915/153496,169959
10915/166696,188165
10915/155233,172259
10915/51808,53689
10915/47267,48739
10915/4527,3465
10915/52596,54626
10915/53714,55899
10915/112539,122244
10915/139639,155298
10915/45850,47163
10915/173738,196544
10915/178250,201838
10915/18195,16908
10915/51266,53061
10915/70768,74773
10915/37005,37614
10915/68811,72517
10915/74851,80111
10915/151336,167589
10915/160782,179928
10915/163169,183210
10915/3832,2770
10915/47449,48930
10915/67407,71030
10915/136236,152137
10915/144017,157256
10915/129686,143016
10915/139355,155075
10915/118168,129599
10915/115379,126620
10915/120919,132699
10915/113321,124733
10915/9917,8865
10915/144742,157711
10915/60689,63743
10915/166249,187358
10915/176031,198896
10915/130737,146674
10915/181597,206142
10915/185195,210625
10915/190230,216065
10915/49863,51547
10915/69682,73544
10915/53781,56003
10915/143145,157475
10915/35299,35866
10915/190988,216941
10915/191367,217571
10915/73671,78538
10915/73707,78614
10915/98241,108003
10915/46166,47534
10915/44549,45682
10915/30750,30807
10915/3474,2412
10915/74140,79173
10915/161971,181557
10915/137963,153683
10915/60481,63523
10915/27031,26298
10915/48374,49955
10915/3261,2199
10915/45504,46762
10915/46450,47855
10915/32708,33054
10915/54192,56464
10915/59188,61939
10915/58935,61640
10915/116400,127641
10915/143300,157479
10915/96680,106390
10915/137502,153115
10915/137491,153110
10915/144498,157559
10915/143828,157765
10915/114514,125996
10915/122391,134243
10915/144028,157603
10915/144890,157802
10915/115624,126856
10915/154648,171423
10915/148230,164114
10915/118533,129909
10915/150266,163419
10915/133972,149407
10915/134034,149473
10915/135597,151631
10915/165119,184432
10915/165762,186727
10915/170065,184545
10915/179334,203797
10915/181945,206486
10915/185197,210673
10915/183072,208154
10915/183694,208803
10915/188361,214099
10915/192890,219221
10915/155108,172092
10915/47445,48925
10915/165839,186890
10915/85581,93038
10915/159132,177261
10915/61409,64493
10915/15837,14785
10915/83735,90209
10915/106275,115649
10915/101185,107041
10915/69181,72950
10915/69047,72814
10915/72617,76988
10915/61899,64967
10915/62166,65251
10915/75602,80999
10915/37212,37802
10915/100376,109946
10915/87981,95661
10915/103045,111774
10915/87886,95545
10915/72963,77491
10915/98289,108046
10915/71842,75956
10915/73862,78837
10915/77958,83614
10915/93997,102122
10915/77995,83661
10915/98538,108106
10915/98540,108103
10915/88229,95978
10915/76789,82300
10915/109561,119199
10915/70132,74088
10915/109540,119179
10915/70666,74616
10915/26165,25182
10915/103867,112635
10915/54925,57254
10915/50430,52187
10915/99040,108177
10915/13152,12100
10915/43554,44522
10915/43579,44551
10915/36227,36829
10915/57261,59757
10915/96165,106082
10915/40980,41726
10915/41127,41872
10915/41481,42236
10915/41342,42095
10915/41074,41816
10915/37002,37611
10915/36848,37439
10915/36879,37472
10915/64210,67628
10915/36887,37479
10915/37118,37712
10915/101719,106976
10915/55409,57781
10915/99261,109317
10915/34909,35469
10915/35390,35950
10915/36222,36823
10915/86563,94343
10915/46619,48064
10915/97148,105055
10915/103458,112213
10915/84390,90461
10915/101593,103395
10915/105343,115216
10915/102852,111582
10915/104284,112971
10915/51926,53830
10915/100933,107251
10915/102511,108652
10915/93475,98749
10915/90360,96632
10915/92710,98652
10915/97131,104531
10915/90568,97637
10915/98331,104539
10915/95675,104553
10915/31025,31108
10915/34015,34460
10915/33277,33664
10915/59757,62632
10915/33672,34080
10915/33652,34064
10915/3798,2736
10915/33316,33706
10915/33543,33968
10915/33792,34214
10915/95385,104816
10915/93258,101222
10915/104987,114942
10915/87712,94819
10915/102596,111429
10915/98919,109124
10915/40050,40759
10915/40138,40841
10915/40617,41347
10915/41097,41843
10915/89048,97792
10915/89551,97760
10915/97108,104086
10915/96512,104036
10915/79336,84981
10915/10441,9389
10915/79171,84773
10915/100159,108351
10915/79467,85101
10915/79465,85099
10915/142419,157388
10915/95453,105213
10915/134757,150066
10915/97085,105276
10915/106825,114562
10915/85112,92164
10915/88357,96066
10915/99425,108234
10915/96799,104957
10915/109955,120119
10915/90654,97590
10915/82845,88539
10915/82565,88234
10915/79820,85423
10915/80461,86089
10915/98407,108807
10915/81425,87050
10915/81437,87060
10915/80963,86589
10915/80964,86588
10915/80967,86591
10915/96270,103402
10915/89606,97358
10915/89702,97423
10915/81893,87510
10915/101779,103303
10915/96000,103426
10915/80609,86231
10915/102180,108586
10915/91111,97213
10915/90417,96621
10915/80244,85872
10915/86616,93836
10915/95628,105735
10915/100930,106831
10915/87389,94793
10915/87613,94775
10915/105104,115029
10915/108942,118781
10915/27840,27285
10915/48446,50033
10915/72229,76347
10915/87419,94813
10915/83933,90814
10915/68720,72424
10915/68702,72405
10915/86433,77340
10915/158163,176093
10915/160100,178863
10915/147931,163706
10915/151302,167554
10915/160029,178732
10915/160207,178677
10915/156858,173954
10915/148805,163378
10915/34175,34619
10915/149010,163462
10915/151195,167400
10915/151206,167472
10915/159539,177763
10915/153108,169631
10915/159765,178167
10915/161272,180600
10915/166791,188333
10915/167437,189207
10915/167686,189540
10915/167919,189837
10915/168200,190210
10915/19776,18549
10915/155310,172344
10915/161027,180314
10915/160884,180004
10915/162354,182260
10915/162366,182289
10915/164187,184348
10915/24910,23849
10915/11388,10336
10915/60558,63620
10915/54866,57186
10915/57855,60456
10915/57857,60457
10915/32107,32311
10915/58093,60712
10915/59703,62576
10915/13754,12702
10915/26367,25424
10915/24932,23872
10915/18116,16820
10915/20712,19498
10915/20842,19648
10915/20126,18910
10915/54597,56900
10915/25866,24855
10915/54586,56894
10915/51597,53450
10915/26629,25778
10915/54848,57170
10915/58002,60624
10915/1839,777
10915/35746,36332
10915/59996,62912
10915/41236,41984
10915/46493,47945
10915/32580,32859
10915/29788,29729
10915/47388,48864
10915/46859,48323
10915/55055,57380
10915/28999,28968
10915/15397,14345
10915/46221,47601
10915/55321,57678
10915/60948,63997
10915/50095,51819
10915/34174,34618
10915/60991,64042
10915/60951,63999
10915/50250,51954
10915/18654,17380
10915/13373,12321
10915/31980,32140
10915/32689,33030
10915/11953,10901
10915/64558,67989
10915/13992,12940
10915/13592,12540
10915/25917,24913
10915/13080,12028
10915/58351,61015
10915/53291,55405
10915/50483,52243
10915/58490,61153
10915/13811,12759
10915/53673,55847
10915/53501,55647
10915/53848,55961
10915/53840,55971
10915/53847,55972
10915/54268,56546
10915/12367,11315
10915/54281,56559
10915/56336,58774
10915/52398,54386
10915/64860,68324
10915/66867,70456
10915/62663,65782
10915/52598,54632
10915/66659,70247
10915/110925,121175
10915/130937,146863
10915/90009,97349
10915/130516,146477
10915/89382,97646
10915/88767,97706
10915/88887,97678
10915/143804,157473
10915/126002,137923
10915/59650,62517
10915/100089,106995
10915/110464,120500
10915/106121,116139
10915/106435,115592
10915/108774,117654
10915/111241,122275
10915/111134,122168
10915/112395,121413
10915/109000,118806
10915/89071,97808
10915/88803,97691
10915/89344,96559
10915/62456,65556
10915/62169,65255
10915/65921,69469
10915/65923,69472
10915/61885,64950
10915/111875,121771
10915/116914,128444
10915/92011,99348
10915/148613,164238
10915/147434,158243
10915/147476,158251
10915/146105,161754
10915/142362,158526
10915/55388,57615
10915/142813,157284
10915/130893,146828
10915/129961,145856
10915/124648,137274
10915/147079,162674
10915/141382,156847
10915/157227,174716
10915/144011,159863
10915/139900,155579
10915/157785,175532
10915/150339,166383
10915/150421,166478
10915/141231,156607
10915/152174,168495
10915/152149,168471
10915/141079,156592
10915/146975,161565
10915/150521,166588
10915/141172,156690
10915/141739,157844
10915/139389,155104
10915/139881,155571
10915/139944,155621
10915/149937,165907
10915/143511,159382
10915/136775,152558
10915/136750,152545
10915/157628,175270
10915/14766,13714
10915/144507,160025
10915/144271,160123
10915/157661,175306
10915/133797,149246
10915/124477,136700
10915/116059,127328
10915/129095,142438
10915/124266,136820
10915/142679,158794
10915/157215,174713
10915/137485,153091
10915/138626,154518
10915/145051,160810
10915/141856,157328
10915/152298,168621
10915/128126,140867
10915/109629,119316
10915/143412,157535
10915/145835,157552
10915/15211,14159
10915/15232,14180
10915/117161,128685
10915/118050,129486
10915/127545,140236
10915/126627,139273
10915/126592,139249
10915/123805,135965
10915/126402,139118
10915/135480,151521
10915/99747,109584
10915/128118,141055
10915/122497,134379
10915/148730,164577
10915/122241,134081
10915/133701,149158
10915/121180,132966
10915/114324,124608
10915/115381,126622
10915/125935,138782
10915/149018,164838
10915/123335,135525
10915/124213,136331
10915/115845,127082
10915/115909,127161
10915/115647,126878
10915/118606,130027
10915/127590,140292
10915/135014,143895
10915/154638,171462
10915/119794,131396
10915/127726,140424
10915/119610,131208
10915/137915,143684
10915/118308,129751
10915/118361,129839
10915/118654,130113
10915/120191,131891
10915/120638,132369
10915/120508,132190
10915/128157,140553
10915/121092,132876
10915/117172,128694
10915/132384,147930
10915/127452,140147
10915/117748,128131
10915/117366,128918
10915/131704,147487
10915/120408,132109
10915/120153,131835
10915/120383,132088
10915/120194,131856
10915/132055,147777
10915/67583,71224
10915/59528,62363
10915/67879,71543
10915/110225,120380
10915/104565,113077
10915/61332,64412
10915/54026,56297
10915/63258,66059
10915/47978,49197
10915/53083,55192
10915/27271,26593
10915/19040,17778
10915/10706,9654
10915/110191,120686
10915/3230,2168
10915/110700,120962
10915/110377,120784
10915/110402,120800
10915/110539,120474
10915/46889,48352
10915/47728,49276
10915/47582,49079
10915/11475,10423
10915/9878,8826
10915/12447,11395
10915/13721,12669
10915/13767,12715
10915/10013,8961
10915/9830,8778
10915/9796,8744
10915/64463,67891
10915/9852,8800
10915/13169,12117
10915/5511,4449
10915/10057,9005
10915/121690,133471
10915/122317,134155
10915/115283,126557
10915/115282,126556
10915/130788,146726
10915/115566,126790
10915/146865,162472
10915/130769,146712
10915/15276,14224
10915/122521,134406
10915/134303,149723
10915/122770,134716
10915/129104,142444
10915/116003,127267
10915/164867,184790
10915/164454,184777
10915/165110,186055
10915/166123,187180
10915/166379,187326
10915/166600,188106
10915/166634,188120
10915/168576,190664
10915/168514,190592
10915/168502,190581
10915/168834,190839
10915/168907,190933
10915/168915,190838
10915/168919,190835
10915/169259,191342
10915/169578,184454
10915/169555,191361
10915/169935,184598
10915/170583,193197
10915/171249,193356
10915/171306,194366
10915/171275,193536
10915/171398,194470
10915/171540,193311
10915/171666,194728
10915/172395,193847
10915/172474,193703
10915/172529,193717
10915/172660,192464
10915/172664,195540
10915/172720,195280
10915/172935,194662
10915/172888,195420
10915/172881,195419
10915/173484,196333
10915/173695,192628
10915/173707,192642
10915/174391,192681
10915/174484,192619
10915/174373,197133
10915/174827,197525
10915/175000,197888
10915/175063,197819
10915/175752,198660
10915/176244,199463
10915/176726,199847
10915/176877,199936
10915/178937,202589
10915/178990,202678
10915/179135,202843
10915/179172,203160
10915/87022,95064
10915/42082,42844
10915/180321,204910
10915/181425,205915
10915/182057,206799
10915/182016,202962
10915/131156,147019
10915/178340,201923
10915/138113,154185
10915/178474,202098
10915/182328,206991
10915/182700,207356
10915/182854,203620
10915/186103,211624
10915/186100,211623
10915/186197,211730
10915/186306,211828
10915/187266,213090
10915/157043,174484
10915/184943,210059
10915/185270,210590
10915/115861,127095
10915/183425,208581
10915/183587,208888
10915/183844,203039
10915/188248,214029
10915/188498,214329
10915/188531,214355
10915/189413,215152
10915/188365,214199
10915/188186,213971
10915/188188,213974
10915/189507,215287
10915/189589,215465
10915/191888,218028
10915/192239,218482
10915/193144,219463
10915/30910,30979
10915/193703,220283
10915/194042,220671
10915/194203,220917
10915/194210,220934
10915/194209,220931
10915/194307,221022
10915/194270,220987
10915/193851,220494
10915/26858,26077
10915/14572,13520
10915/195077,221953
10915/194963,221799
10915/195260,222272
10915/195163,222125
10915/14599,13547
10915/59538,62381
10915/176903,200048
10915/195803,223103
10915/195370,222371
10915/14611,13559
10915/195160,222121
10915/197221,224635
10915/197520,224874
10915/102696,111468
10915/83583,89665
10915/86712,94521
10915/74453,79581
10915/72162,76331
10915/4286,3224
10915/1774,712
10915/62748,65655
10915/144163,157590
10915/173750,196524
10915/70082,74002
10915/180911,205271
10915/72638,77004
10915/36491,37116
10915/163344,183434
10915/90689,99135
10915/27166,26297
10915/5240,4178
10915/102444,111348
10915/43961,44971
10915/15946,14894
10915/127329,140074
10915/144391,157545
10915/128674,142020
10915/156287,173509
10915/96246,106113
10915/66535,70104
10915/129153,142488
10915/164826,185759
10915/166016,187014
10915/3109,2047
10915/131103,146995
10915/1768,706
10915/185968,211391
10915/185132,210597
10915/190005,215882
10915/40630,41361
10915/158009,175896
10915/115096,126448
10915/75218,80567
10915/87714,95397
10915/54324,56585
10915/67590,71223
10915/139217,154966
10915/122906,135007
10915/174621,197367
10915/37873,38473
10915/86085,94177
10915/105305,115161
10915/39779,40469
10915/143357,157411
10915/34395,34872
10915/95859,105856
10915/45124,46351
10915/161620,181166
10915/57637,60220
10915/48824,50441
10915/53604,55779
10915/70502,74450
10915/145158,157452
10915/146902,162480
10915/145377,161038
10915/59634,62488
10915/46676,48116
10915/183780,209164
10915/195123,222054
10915/62009,65083
10915/72687,77039
10915/51312,53106
10915/71692,75808
10915/30100,30109
10915/41004,41749
10915/36486,37069
10915/42951,43830
10915/48009,49574
10915/102829,111565
10915/64105,67518
10915/104982,114134
10915/94484,102558
10915/142515,157393
10915/143679,157409
10915/46817,48242
10915/129712,143046
10915/82414,87879
10915/81333,86962
10915/80859,86492
10915/52246,54187
10915/68540,72240
10915/97509,107506
10915/129538,142879
10915/142605,157431
10915/158210,176148
10915/152948,169468
10915/153166,169651
10915/161968,181674
10915/153488,169944
10915/49324,50946
10915/134831,150138
10915/1801,739
10915/48869,50473
10915/48214,49775
10915/1547,485
10915/48339,49925
10915/46824,48248
10915/47392,48869
10915/47339,48812
10915/44646,45770
10915/44417,45541
10915/127259,140027
10915/154474,171175
10915/136277,152154
10915/142352,157437
10915/156700,174039
10915/142739,157287
10915/146482,157162
10915/155068,171712
10915/140419,155982
10915/140639,156193
10915/139882,155569
10915/149995,165992
10915/54795,57107
10915/149851,165781
10915/59135,61874
10915/142010,157354
10915/143786,157357
10915/143668,157374
10915/115841,127075
10915/144734,157703
10915/48011,49575
10915/55209,57535
10915/3268,2206
10915/121997,133746
10915/164535,185248
10915/171449,194507
10915/130723,146628
10915/63997,67401
10915/191949,218119
10915/4870,3808
10915/4678,3616
10915/183663,208942
10915/51919,53817
10915/72000,76174
10915/76091,81560
10915/71818,75929
10915/98660,108120
10915/71597,75695
10915/77120,82648
10915/93843,102003
10915/154176,170817
10915/64212,67630
10915/3573,2511
10915/99362,109393
10915/102865,111595
10915/102899,111622
10915/103936,103998
10915/93547,98755
10915/92931,101042
10915/37608,38205
10915/88948,97908
10915/107393,114329
10915/94246,102289
10915/97077,103817
10915/106986,114619
10915/100953,110315
10915/79450,85059
10915/86517,93506
10915/97115,104936
10915/92867,100991
10915/106183,116178
10915/13395,12343
10915/100237,109862
10915/147810,163589
10915/156757,174117
10915/14723,13671
10915/136726,152523
10915/147744,163525
10915/147825,163610
10915/153399,169843
10915/151555,162178
10915/155356,172058
10915/167569,189387
10915/168342,190367
10915/168399,190459
10915/168461,190535
10915/162368,182291
10915/162617,182563
10915/162680,182682
10915/25950,24943
10915/51649,53518
10915/57771,60365
10915/49591,51247
10915/25559,24529
10915/20995,19814
10915/27596,26993
10915/60409,63447
10915/29008,28974
10915/55418,57791
10915/61040,64078
10915/64383,67808
10915/3546,2484
10915/2928,1866
10915/45954,47271
10915/46085,47437
10915/31983,32139
10915/61176,64242
10915/59309,62110
10915/66939,70523
10915/112304,122713
10915/126948,139592
10915/110067,120612
10915/111272,122298
10915/111618,121388
10915/61897,64966
10915/62764,65897
10915/62822,65966
10915/65927,69475
10915/111615,121367
10915/117194,128726
10915/154392,171086
10915/112220,123049
10915/147489,158253
10915/145149,157426
10915/145153,157436
10915/141505,156950
10915/141507,156952
10915/137867,153595
10915/151910,168220
10915/152687,168310
10915/140373,155939
10915/82606,88298
10915/145681,161467
10915/144275,160132
10915/144626,160424
10915/156947,174331
10915/138906,154740
10915/143862,159714
10915/144459,160170
10915/139964,155647
10915/142937,159018
10915/136901,152683
10915/136898,152682
10915/143272,159295
10915/143701,157356
10915/143696,157359
10915/2868,1806
10915/145250,157734
10915/115375,126616
10915/115371,126612
10915/115279,126553
10915/115925,127164
10915/115497,126731
10915/3297,2235
10915/73527,78260
10915/113724,123776
10915/127593,140294
10915/120149,131833
10915/120860,132585
10915/119077,130475
10915/40321,41039
10915/69901,73805
10915/119539,131109
10915/119560,131131
10915/104641,113076
10915/61279,64361
10915/66353,69942
10915/11506,10454
10915/64438,67870
10915/5392,4330
10915/127988,141207
10915/144202,157622
10915/144494,157641
10915/121888,133663
10915/144721,157823
10915/129345,142697
10915/166398,187609
10915/169308,184439
10915/169365,191388
10915/169467,191379
10915/173054,195905
10915/174866,197586
10915/46606,48048
10915/176287,199483
10915/176311,199500
10915/140817,155391
10915/178911,202646
10915/179158,203131
10915/179383,203251
10915/105295,115177
10915/181605,206137
10915/181919,206471
10915/181959,206498
10915/177657,201050
10915/178395,202017
10915/178854,202610
10915/184221,209649
10915/188750,214561
10915/190321,216307
10915/191820,218015
10915/145394,161054
10915/192372,218722
10915/196250,223446
10915/197714,225485
10915/69306,73102
10915/48273,49854
10915/69954,73860
10915/78491,84119
10915/77133,82659
10915/43303,44248
10915/99181,109278
10915/83312,89545
10915/59596,62441
10915/154162,170801
10915/46739,48165
10915/61418,64499
10915/26456,25546
10915/158574,176578
10915/152606,169231
10915/153226,169687
10915/159902,178516
10915/141791,157290
10915/146566,157190
10915/162598,182497
10915/163928,184067
10915/56415,58861
10915/1950,888
10915/49672,51335
10915/56369,58812
10915/141748,157467
10915/143834,157492
10915/58640,61305
10915/117865,129368
10915/99333,109359
10915/136226,152125
10915/142212,157386
10915/124751,137364
10915/142732,157279
10915/146347,157553
10915/114976,126396
10915/134534,149949
10915/9916,8864
10915/9913,8861
10915/9914,8862
10915/9915,8863
10915/144201,157567
10915/144907,157612
10915/116046,127321
10915/126870,139519
10915/174521,197283
10915/170770,193285
10915/180819,205351
10915/96082,106045
10915/58571,61243
10915/183316,208460
10915/186297,211813
10915/42929,43795
10915/184379,209760
10915/192081,218228
10915/193033,219317
10915/193630,220206
10915/1648,586
10915/3040,1978
10915/160861,180058
10915/95947,105976
10915/196231,223441
10915/197838,225808
10915/154620,171396
10915/127725,140344
10915/29456,29417
10915/84132,91261
10915/15833,14781
10915/35341,35887
10915/90435,98624
10915/90599,98686
10915/134838,150111
10915/48525,50114
10915/67936,71607
10915/54638,56952
10915/1796,734
10915/180283,204881
10915/188229,214010
10915/27076,26351
10915/68788,72460
10915/46123,47483
10915/62449,65548
10915/183035,205320
10915/91119,98512
10915/66420,69990
10915/67771,71421
10915/83764,90199
10915/165111,186046
10915/173113,195765
10915/25738,24713
10915/178948,202692
10915/55617,57991
10915/79762,85369
10915/158750,176817
10915/52651,54679
10915/156644,173944
10915/147144,162782
10915/37525,38107
10915/64429,67857
10915/47015,48489
10915/91844,98456
10915/168292,190289
10915/161631,181185
10915/57630,60235
10915/26081,25092
10915/49547,51195
10915/27598,26996
10915/45705,46983
10915/43956,44966
10915/142783,157454
10915/64898,68363
10915/148435,164301
10915/1848,786
10915/129413,142766
10915/147056,162672
10915/142250,157309
10915/144278,160133
10915/140080,155721
10915/144109,157203
10915/146556,157189
10915/144693,157783
10915/112876,111147
10915/81658,87260
10915/148646,164486
10915/51987,53894
10915/9912,8860
10915/164294,185213
10915/120967,132765
10915/178208,201496
10915/185850,211235
10915/68119,71802
10915/69245,73019
10915/103918,112681
10915/27285,26607
10915/98105,107922
10915/70079,73995
10915/34632,35149
10915/105377,115224
10915/33505,33900
10915/47154,48628
10915/101197,110541
10915/87005,92263
10915/63870,67272
10915/78969,84597
10915/79264,84875
10915/142924,157402
10915/155715,172750
10915/155692,172689
10915/83093,88754
10915/98568,108895
10915/86280,93459
10915/75142,80455
10915/87103,95129
10915/100338,109922
10915/68593,72287
10915/74761,79996
10915/151121,167322
10915/158321,176276
10915/150745,166867
10915/160065,178750
10915/159284,177441
10915/159242,177384
10915/145325,157428
10915/14730,13678
10915/142709,158804
10915/12984,11932
10915/5390,4328
10915/150983,167153
10915/151201,167402
10915/155194,171727
10915/167331,189112
10915/167596,187676
10915/167750,189625
10915/168474,190547
10915/160300,179166
10915/161062,180360
10915/138056,154128
10915/162547,182502
10915/162579,182544
10915/162586,182549
10915/162473,182439
10915/162823,182834
10915/164062,184231
10915/51830,53713
10915/10945,9893
10915/3226,2164
10915/48977,50596
10915/48591,50195
10915/31013,31093
10915/61038,64076
10915/44970,46167
10915/43583,44555
10915/53779,56011
10915/57186,59674
10915/43951,44960
10915/47078,48548
10915/116454,127754
10915/67768,71415
10915/62525,65617
10915/80756,86385
10915/142688,157448
10915/61813,64886
10915/125659,137961
10915/125554,137859
10915/45042,46244
10915/52229,54175
10915/132973,148509
10915/133081,148619
10915/108545,118571
10915/142404,158562
10915/145032,160781
10915/136184,152074
10915/146163,161800
10915/142734,157281
10915/130899,146835
10915/150523,166589
10915/144375,160150
10915/140669,156230
10915/134105,149500
10915/141313,156790
10915/146413,157211
10915/137923,153650
10915/142938,159019
10915/139566,155221
10915/140835,156386
10915/140867,156404
10915/147651,163276
10915/140783,156316
10915/143246,159260
10915/143204,159213
10915/140417,155979
10915/144203,160074
10915/137492,153090
10915/103403,112152
10915/141877,157332
10915/141918,157327
10915/146374,157713
10915/144135,157531
10915/145240,157768
10915/124043,136084
10915/114511,126097
10915/114800,126109
10915/128160,141365
10915/155529,171733
10915/145226,157695
10915/144717,157744
10915/118821,130252
10915/118789,130264
10915/113285,124706
10915/118461,129836
10915/120233,131848
10915/155469,172439
10915/148693,164380
10915/66566,70150
10915/66594,70161
10915/35860,36155
10915/3308,2246
10915/5592,4530
10915/125848,138867
10915/135162,151419
10915/97986,107843
10915/121460,133244
10915/121894,133671
10915/122703,134859
10915/164834,185778
10915/166303,187434
10915/168580,190667
10915/148000,163767
10915/169459,191787
10915/174433,197188
10915/174983,197810
10915/175201,198111
10915/176767,199857
10915/180549,205009
10915/58168,60788
10915/177093,200444
10915/177663,201075
10915/177748,201159
10915/88403,95941
10915/177811,201212
10915/177833,201277
10915/178608,202193
10915/185524,210952
10915/185384,210854
10915/185668,211107
10915/186585,212225
10915/186988,212515
10915/183468,208613
10915/189479,215250
10915/188424,214232
10915/84336,88239
10915/191581,217684
10915/191866,218034
10915/191875,211836
10915/191997,218245
10915/194084,220803
10915/194230,220897
10915/30533,30570
10915/104520,113458
10915/195846,223088
10915/195861,223138
10915/196261,223518
10915/59456,62280
10915/35348,35915
10915/197834,225809
10915/119199,130735
10915/68101,71776
10915/50997,52702
10915/51878,53775
10915/70989,75047
10915/43039,43921
10915/63993,67398
10915/42804,43651
10915/34209,34656
10915/101125,110365
10915/92187,98673
10915/68411,72111
10915/110007,120153
10915/98518,108883
10915/90649,96910
10915/79900,85499
10915/87443,95278
10915/97531,107518
10915/162375,182223
10915/26980,26231
10915/26979,26230
10915/1831,769
10915/48317,49901
10915/3303,2241
10915/4483,3421
10915/1873,811
10915/52937,54901
10915/64848,68313
10915/61734,64806
10915/117864,129367
10915/52725,54772
10915/130245,146143
10915/124830,137466
10915/144189,157207
10915/144654,157199
10915/141112,156621
10915/143966,157216
10915/142345,157302
10915/52481,54494
10915/143589,157384
10915/139735,155323
10915/2529,1467
10915/114898,126343
10915/143112,157539
10915/143985,157574
10915/126698,139339
10915/1926,864
10915/142828,157525
10915/128181,141403
10915/128308,141497
10915/115634,126865
10915/2893,1831
10915/1921,859
10915/49269,50889
10915/1876,814
10915/67412,71019
10915/51112,52898
10915/123216,135643
10915/146387,157623
10915/144901,157633
10915/144058,157617
10915/53437,55563
10915/180744,205299
10915/176928,200084
10915/67151,70750
10915/186209,211742
10915/183672,208977
10915/183721,209017
10915/188659,214454
10915/193523,220117
10915/192989,219256
10915/120625,132348
10915/194326,221032
10915/117655,129180
10915/195231,222232
10915/72822,77263
10915/155202,172234
10915/76133,81543
10915/87582,95340
10915/68808,72515
10915/68835,72559
10915/68305,72006
10915/54682,56950
10915/61206,64270
10915/138519,154427
10915/147660,163148
10915/2963,1901
10915/34272,34724
10915/43890,44885
10915/4319,3257
10915/54678,56993
10915/152140,168456
10915/126410,139128
10915/52694,54744
10915/3035,1973
10915/29267,29216
10915/75497,80899
10915/31868,32054
10915/44035,45046
10915/142592,157408
10915/158275,176213
10915/154131,170739
10915/2999,1937
10915/27694,27096
10915/1946,884
10915/3190,2128
10915/53688,55864
10915/46963,48429
10915/27074,26350
10915/143707,157482
10915/111984,123095
10915/126946,139263
10915/45605,46879
10915/44060,45072
10915/139425,155127
10915/137512,153118
10915/112649,123357
10915/65361,68864
10915/106885,116784
10915/54121,56387
10915/171224,194333
10915/179559,204129
10915/26093,25107
10915/86490,94330
10915/162987,182981
10915/4413,3351
10915/185601,211040
10915/4689,3627
10915/84321,91280
10915/196937,224179
10915/71569,75664
10915/77247,82807
10915/69854,73754
10915/108424,107786
10915/73794,78778
10915/98158,107953
10915/98095,107909
10915/104782,113584
10915/77405,82967
10915/73908,78869
10915/38709,39346
10915/51972,53879
10915/37408,38002
10915/3685,2623
10915/103577,112336
10915/35313,34818
10915/90793,98490
10915/105126,115024
10915/40774,41502
10915/103296,112037
10915/143829,157398
10915/143577,157403
10915/46335,47730
10915/74101,79134
10915/81474,87077
10915/58930,61646
10915/80535,86157
10915/94742,102907
10915/79848,85443
10915/102505,111401
10915/85846,94065
10915/29122,29075
10915/68924,72666
10915/68759,72487
10915/93297,101476
10915/151144,167213
10915/159458,177621
10915/150693,166812
10915/159737,178082
10915/3065,2003
10915/1555,493
10915/168426,190499
10915/162049,181737
10915/161552,181176
10915/162171,181895
10915/10952,9900
10915/51796,53675
10915/60712,63621
10915/49605,51261
10915/65655,69178
10915/3637,2575
10915/1936,874
10915/47346,48821
10915/12774,11722
10915/60691,63734
10915/55214,57532
10915/4005,2943
10915/3257,2195
10915/2912,1850
10915/32313,32491
10915/31960,32137
10915/32699,33044
10915/53217,55326
10915/53678,55857
10915/61244,64324
10915/52263,54208
10915/52034,53954
10915/63697,67076
10915/65124,68598
10915/108999,118817
10915/112567,122628
10915/109241,118962
10915/142932,157461
10915/126014,137979
10915/59651,62515
10915/62547,65654
10915/130483,146450
10915/154386,171048
10915/131083,146977
10915/113216,124650
10915/132708,148286
10915/130662,146599
10915/136491,151220
10915/142814,157285
10915/116189,127508
10915/130330,146227
10915/141575,156990
10915/147104,162744
10915/146392,157166
10915/150347,166397
10915/140376,155943
10915/150362,166413
10915/134258,149637
10915/145875,161557
10915/147398,163036
10915/143996,157240
10915/143857,157269
10915/135923,151795
10915/140231,155823
10915/140178,155786
10915/139580,155235
10915/142758,158835
10915/133258,148720
10915/146190,157255
10915/141854,157322
10915/144733,157345
10915/147616,163266
10915/115770,126342
10915/123149,135615
10915/143846,157503
10915/144597,157756
10915/144963,157758
10915/126800,139410
10915/143210,157526
10915/122227,134065
10915/128324,141516
10915/146472,157778
10915/145949,157788
10915/149238,165047
10915/144912,157705
10915/144550,157689
10915/145422,157747
10915/118706,130163
10915/112896,124409
10915/154617,171386
10915/130777,146675
10915/117650,129154
10915/119236,130750
10915/47057,48523
10915/120579,132273
10915/1887,825
10915/54382,56661
10915/47112,48581
10915/1799,737
10915/145416,157669
10915/144281,157658
10915/144370,157596
10915/145057,157629
10915/143820,157630
10915/161696,181323
10915/170196,192983
10915/171503,194686
10915/172415,195463
10915/174982,197798
10915/175657,198520
10915/175617,198494
10915/176740,199895
10915/178951,202697
10915/180629,205159
10915/180649,205243
10915/177879,201332
10915/143232,159250
10915/178553,202149
10915/182272,206952
10915/185789,211208
10915/186537,212087
10915/187027,212599
10915/184915,210263
10915/183619,208945
10915/189170,214918
10915/189440,215223
10915/188413,214225
10915/189617,215427
10915/190012,215904
10915/192988,219284
10915/62968,66127
10915/72005,76179
10915/71876,75988
10915/97773,107687
10915/71567,75660
10915/77441,83038
10915/78672,84214
10915/78919,84532
10915/46620,48067
10915/48771,50407
10915/45809,47101
10915/26682,25858
10915/103483,112240
10915/67096,70330
10915/4346,3284
10915/55174,57510
10915/80651,86269
10915/72256,76455
10915/147777,163506
10915/4298,3236
10915/160435,179572
10915/136597,152419
10915/158301,176232
10915/1599,537
10915/167597,189402
10915/167791,189566
10915/4291,3229
10915/43220,44139
10915/26669,25831
10915/25767,24748
10915/60718,63774
10915/58757,61437
10915/45510,46771
10915/65294,68794
10915/127231,139996
10915/80994,86618
10915/62796,65939
10915/144126,159948
10915/144005,157584
10915/143323,157742
10915/118052,129490
10915/57881,60487
10915/110768,121009
10915/144145,157576
10915/126020,138922
10915/3221,2159
10915/134012,149436
10915/122775,134922
10915/128951,142255
10915/171070,194163
10915/173737,196537
10915/180148,204769
10915/176121,198983
10915/93247,101435
10915/161950,181602
10915/181389,205855
10915/2986,1924
10915/77723,83258
10915/184815,210138
10915/193317,219632
10915/193916,220518
10915/160864,180060
10915/196281,223521
10915/4697,3635
10915/96249,106117
10915/103520,112274
10915/1794,732
10915/118970,130484
10915/162004,181164
10915/3212,2150
10915/142865,157419
10915/81748,87373
10915/32735,33097
10915/120566,132292
10915/63403,66545
10915/71730,75848
10915/66898,70491
10915/30480,30518
10915/62451,65550
10915/86091,94178
10915/85575,93041
10915/68644,72327
10915/87032,95051
10915/3053,1991
10915/167658,189495
10915/47453,48933
10915/163352,183441
10915/4288,3226
10915/51386,53194
10915/3189,2127
10915/59307,62105
10915/157676,175281
10915/142546,158685
10915/134291,149714
10915/29826,29792
10915/120593,132270
10915/148583,164435
10915/67831,71487
10915/46396,47788
10915/182268,206949
10915/185105,210465
10915/184041,206814
10915/194786,221493
10915/144326,160213
10915/73547,78288
10915/73019,77601
10915/71171,75011
10915/66040,69606
10915/71351,75434
10915/37709,38298
10915/31397,31536
10915/31392,31526
10915/38413,39019
10915/30300,30324
10915/29756,29679
10915/3199,2137
10915/90807,99188
10915/95592,105704
10915/68085,71760
10915/68165,71850
10915/72328,76546
10915/49546,51194
10915/51518,53338
10915/43017,43902
10915/45720,47011
10915/48518,50107
10915/24668,23571
10915/58763,61452
10915/50827,52600
10915/134923,150204
10915/61432,64512
10915/154421,171115
10915/108510,118530
10915/148366,164239
10915/120083,131707
10915/144059,157568
10915/166215,187310
10915/166221,187318
10915/169484,191822
10915/171111,194252
10915/176762,199955
10915/179435,203996
10915/179520,203992
10915/114788,126277
10915/3037,1975
10915/173605,195912
10915/182363,206876
10915/182248,206841
10915/182925,48938
10915/75859,81323
10915/172755,195188
10915/178845,202546
10915/68141,71826
10915/68981,72730
10915/59137,61876
10915/73700,78578
10915/73273,77976
10915/24722,23656
10915/77727,83291
10915/77970,83604
10915/59641,62506
10915/59930,62831
10915/61806,64875
10915/73787,78741
10915/75081,74026
10915/69639,73498
10915/70987,75045
10915/84678,91991
10915/77412,82969
10915/43436,44387
10915/59678,62548
10915/67907,71528
10915/47939,49505
10915/35191,35752
10915/47941,49506
10915/105662,115404
10915/47084,48555
10915/47085,48556
10915/155745,172783
10915/4695,3633
10915/99954,109676
10915/92201,98699
10915/90210,98848
10915/83719,90186
10915/92470,100744
10915/5226,4164
10915/72117,76288
10915/38295,38891
10915/83185,89504
10915/83189,89505
10915/79079,84702
10915/79453,85090
10915/142672,157416
10915/97415,98995
10915/155668,172685
10915/142669,157401
10915/154310,171002
10915/82598,88287
10915/25864,24853
10915/80674,86290
10915/86330,94260
10915/92512,100761
10915/74962,80245
10915/15906,14854
10915/61257,64343
10915/68821,72543
10915/87542,95329
10915/4356,3294
10915/28967,28439
10915/68456,72152
10915/74501,79648
10915/68681,72387
10915/97536,107523
10915/55333,57683
10915/160090,178913
10915/159205,177341
10915/136508,152337
10915/90652,98763
10915/150991,167128
10915/158438,176412
10915/158987,177109
10915/141794,157288
10915/153264,169715
10915/161335,180767
10915/162498,182454
10915/167969,189785
10915/168472,190551
10915/162255,182124
10915/162903,182909
10915/163099,183118
10915/60592,63657
10915/57883,60492
10915/51600,53454
10915/60387,63398
10915/57632,60103
10915/22730,21606
10915/25906,24903
10915/29366,29325
10915/27071,26343
10915/1830,768
10915/2625,1563
10915/47224,48695
10915/47921,49488
10915/55387,57747
10915/50216,51927
10915/2954,1892
10915/60016,62930
10915/47002,48473
10915/44674,45823
10915/44362,45444
10915/59686,62557
10915/26421,25492
10915/60884,63922
10915/51099,52881
10915/54058,56283
10915/58953,61665
10915/61573,64645
10915/65127,68600
10915/129917,143256
10915/40032,40737
10915/90645,98694
10915/62051,65137
10915/59058,61808
10915/103440,112199
10915/116523,127749
10915/3965,2903
10915/1939,877
10915/116732,128311
10915/143452,157519
10915/127554,140244
10915/154704,171517
10915/132969,148508
10915/145529,161001
10915/142253,157295
10915/142730,157276
10915/145915,161578
10915/141493,156924
10915/141339,156819
10915/144650,157196
10915/137790,153509
10915/151996,168309
10915/133692,149146
10915/157960,175797
10915/154848,171629
10915/142067,157307
10915/139361,155082
10915/146547,157179
10915/140220,155807
10915/92061,100287
10915/157926,175711
10915/149840,165778
10915/138610,154495
10915/143869,157233
10915/145205,157241
10915/146182,157180
10915/144919,157245
10915/150600,166677
10915/134959,151296
10915/114901,99094
10915/112817,123445
10915/144556,157721
10915/128483,141925
10915/134588,149962
10915/134295,149717
10915/143605,157524
10915/128334,141289
10915/144006,157602
10915/123380,135722
10915/145963,157792
10915/145388,157706
10915/123895,135999
10915/135376,151492
10915/118711,130167
10915/113269,124686
10915/2891,1829
10915/118486,129856
10915/14519,13467
10915/120595,132283
10915/120500,132167
10915/47924,49491
10915/47058,48524
10915/113566,124834
10915/67513,71140
10915/65409,68913
10915/65430,68938
10915/53828,56085
10915/53983,56243
10915/59221,61987
10915/48003,49569
10915/43227,44145
10915/4742,3680
10915/3283,2221
10915/57397,59926
10915/145884,157649
10915/115204,126509
10915/128035,141272
10915/144108,157611
10915/120739,132433
10915/121859,133641
10915/128992,142317
10915/4360,3298
10915/166584,188090
10915/161231,180595
10915/169200,191317
10915/170652,193293
10915/171071,194161
10915/171238,194349
10915/173761,196568
10915/174791,197575
10915/175622,198507
10915/89816,98328
10915/179477,204050
10915/179641,204046
10915/53417,55551
10915/80274,85863
10915/65184,68675
10915/131086,146976
10915/133103,148625
10915/131983,147650
10915/57872,60450
10915/70089,74025
10915/180612,205104
10915/181375,205668
10915/181472,206051
10915/182082,206642
10915/177268,200567
10915/73755,78703
10915/177757,201179
10915/177046,200063
10915/178043,201485
10915/178505,202110
10915/76899,82398
10915/182436,206740
10915/185838,211215
10915/186374,211919
10915/183971,209381
10915/183099,208184
10915/188192,213954
10915/188755,214528
10915/188805,212619
10915/189481,215252
10915/74078,79101
10915/190527,216640
10915/191049,217255
10915/27334,26672
10915/193196,219478
10915/4718,3656
10915/193464,220081
10915/193627,220207
10915/193825,220374
10915/195243,222245
10915/195481,222493
10915/195489,222438
10915/196098,223341
10915/66776,70366
10915/68075,71745
10915/48390,49971
10915/88555,96280
10915/61343,64422
10915/56203,58626
10915/173603,195910
10915/73749,78661
10915/37710,38300
10915/97086,106658
10915/36293,36847
10915/101506,110747
10915/98985,109175
10915/88373,96162
10915/82832,88498
10915/74108,79141
10915/95509,105648
10915/69298,73091
10915/87199,95170
10915/68674,72380
10915/90497,99013
10915/158759,176825
10915/153407,169852
10915/161333,180260
10915/153971,170551
10915/162758,182754
10915/65654,69177
10915/58887,61585
10915/52726,54782
10915/78576,84189
10915/62308,65397
10915/56232,58658
10915/130382,146359
10915/117069,128546
10915/44071,45085
10915/146825,162421
10915/146042,157217
10915/122904,135005
10915/134886,149702
10915/114405,126038
10915/119490,131017
10915/67829,71473
10915/46617,48061
10915/115580,126806
10915/154214,170900
10915/175980,198836
10915/177045,200064
10915/3006,1944
10915/178609,202204
10915/182722,207365
10915/185959,211381
10915/114414,126063
10915/195598,222643
10915/71936,76079
10915/103056,111767
10915/73818,78796
10915/70986,75044
10915/77636,83207
10915/29364,29328
10915/70391,74349
10915/70215,74168
10915/3013,1951
10915/71137,75212
10915/29361,29324
10915/69637,73494
10915/30755,30823
10915/59683,62554
10915/96944,106564
10915/90109,98781
10915/103461,112216
10915/79244,84855
10915/46845,48294
10915/130924,146853
10915/63692,67036
10915/134714,150024
10915/82927,88614
10915/40347,41071
10915/86153,94199
10915/68810,72539
10915/72077,76245
10915/146572,157229
10915/158357,176314
10915/153007,169521
10915/1910,848
10915/1396,334
10915/45970,47270
10915/60185,63172
10915/29123,29076
10915/18420,17143
10915/50297,52043
10915/44380,45475
10915/96774,106467
10915/60391,63322
10915/2769,1707
10915/52004,53911
10915/55579,57966
10915/53280,55374
10915/58554,61224
10915/56445,58886
10915/50917,52685
10915/66283,69759
10915/66248,69843
10915/63583,66832
10915/27920,27375
10915/131096,146988
10915/59649,62511
10915/67189,70799
10915/64937,68403
10915/155902,173003
10915/155888,172982
10915/118958,130459
10915/118888,130384
10915/146100,161750
10915/124880,137510
10915/143052,159100
10915/145736,161477
10915/141506,156913
10915/154814,171952
10915/146231,157210
10915/147679,163315
10915/154418,171111
10915/127472,140170
10915/134290,149713
10915/121970,133723
10915/113954,125853
10915/131967,147710
10915/29963,29932
10915/120309,131975
10915/64311,67728
10915/113325,124734
10915/146689,162271
10915/67729,71342
10915/67662,71299
10915/47785,49338
10915/47788,49343
10915/3120,2058
10915/135169,151101
10915/123664,135805
10915/115556,126782
10915/148580,164433
10915/170773,194021
10915/172912,195730
10915/174331,197089
10915/174916,197762
10915/175288,198290
10915/68390,72082
10915/166156,187226
10915/70083,74003
10915/70087,74021
10915/109762,119349
10915/66513,70075
10915/25766,24742
10915/132443,147913
10915/60760,63799
10915/62486,65569
10915/131189,147076
10915/181918,206455
10915/177913,201370
10915/3167,2105
10915/182207,206880
10915/185503,210920
10915/184230,209653
10915/184640,210010
10915/183806,209184
10915/188854,214307
10915/59472,62301
10915/188262,214067
10915/190103,215986
10915/190870,216845
10915/191552,217681
10915/191882,218048
10915/192791,219041
10915/143939,157580
10915/45214,46457
10915/196890,224197
10915/196880,224171
10915/197368,224835
10915/45408,46642
10915/39820,40520
10915/71549,75560
10915/30327,30355
10915/31545,31687
10915/64188,67596
10915/94695,98554
10915/68761,72486
10915/48061,49619
10915/61021,64069
10915/50125,51848
10915/4287,3225
10915/122370,134185
10915/81635,87267
10915/162060,181765
10915/3020,1958
10915/195016,221897
10915/66193,69792
10915/178839,202544
10915/152528,169114
10915/67063,70657
10915/119487,131016
10915/76941,82478
10915/54631,56944
10915/4312,3250
10915/163107,183100
10915/3183,2121
10915/156137,173317
10915/143222,159235
10915/72697,77050
10915/67084,70400
10915/103187,111929
10915/44034,45045
10915/77923,83559
10915/47468,48950
10915/65422,68924
10915/71557,75647
10915/84349,91306
10915/76084,81495
10915/5245,4183
10915/43383,44342
10915/43432,44389
10915/31293,31418
10915/25788,24770
10915/36121,36687
10915/94038,98568
10915/90648,98644
10915/33055,33429
10915/89229,98061
10915/154315,171017
10915/148093,163925
10915/91758,98678
10915/81310,86926
10915/25208,24168
10915/154188,170824
10915/155675,172679
10915/68860,72593
10915/64269,67687
10915/87017,95046
10915/68680,72383
10915/152519,169075
10915/136693,152490
10915/158835,176902
10915/150914,167065
10915/159543,177750
10915/153495,169958
10915/153337,169769
10915/166158,187228
10915/166815,188324
10915/168214,190203
10915/161074,180372
10915/26621,25752
10915/24671,23542
10915/61034,63697
10915/26659,25821
10915/48535,49862
10915/39742,40431
10915/64763,68182
10915/50078,51749
10915/46087,47439
10915/46089,47442
10915/55465,57826
10915/52851,54920
10915/52002,53908
10915/61286,64300
10915/58793,61486
10915/65797,69317
10915/63706,67087
10915/112369,122987
10915/50012,51714
10915/59532,62374
10915/111220,122250
10915/62261,65345
10915/62530,65613
10915/131115,147002
10915/125365,137787
10915/154417,171110
10915/1858,796
10915/110046,120596
10915/134972,148397
10915/134356,149621
10915/134364,149796
10915/138226,154247
10915/150157,166198
10915/157962,175796
10915/158007,175863
10915/144427,157244
10915/143429,159463
10915/139574,155227
10915/138657,154555
10915/147628,163178
10915/123169,135616
10915/145393,157551
10915/134297,149719
10915/128272,141401
10915/128834,142175
10915/113291,124711
10915/148628,164469
10915/27527,26922
10915/67190,70801
10915/51120,52906
10915/51121,52904
10915/66392,69981
10915/110981,121231
10915/48121,49669
10915/5244,4182
10915/4600,3538
10915/127870,141145
10915/149074,164909
10915/148712,164557
10915/165619,186736
10915/165818,186869
10915/3076,2014
10915/168630,190721
10915/168636,190725
10915/170885,194066
10915/179883,204577
10915/180245,204843
10915/46888,48299
10915/182261,206848
10915/181826,206318
10915/34280,34723
10915/178152,201711
10915/143212,159226
10915/178783,202468
10915/79142,84764
10915/186171,211706
10915/186282,211792
10915/3139,2077
10915/187240,213087
10915/188919,214808
10915/187486,213287
10915/191461,217609
10915/192094,218297
10915/192124,218289
10915/32701,33048
10915/196141,223417
10915/197227,224669
10915/116299,127575
10915/197243,224702
10915/197400,224837
10915/30547,30587
10915/30027,30016
10915/59138,61875
10915/69509,73300
10915/77665,83237
10915/70658,74614
10915/40951,41696
10915/41263,42018
10915/4485,3423
10915/37162,37754
10915/82912,88611
10915/80402,86007
10915/72274,76462
10915/151323,167563
10915/76923,82442
10915/162166,181879
10915/49583,51237
10915/1966,904
10915/30873,30941
10915/67143,70746
10915/144822,160556
10915/130104,146023
10915/142555,158673
10915/137043,152818
10915/149015,164834
10915/26595,25732
10915/120871,132663
10915/1925,863
10915/172124,195200
10915/184239,209652
10915/190007,215896
10915/90097,98657
10915/52766,54828
10915/74673,79843
10915/177047,200081
10915/189846,215676
10915/68079,71746
10915/69184,72953
10915/73521,78238
10915/71349,74973
10915/77668,83241
10915/27630,27030
10915/27834,27277
10915/76778,82290
10915/71474,75558
10915/69952,73858
10915/43395,44351
10915/31387,31524
10915/31524,31664
10915/86439,94149
10915/102820,111558
10915/21965,20828
10915/99974,109692
10915/90640,98459
10915/90102,98454
10915/3227,2165
10915/34256,34705
10915/107859,117290
10915/43127,44013
10915/143663,157390
10915/85017,92115
10915/90361,98965
10915/51985,53890
10915/75077,80390
10915/68563,72217
10915/74375,79475
10915/68470,72165
10915/147529,163157
10915/131659,147445
10915/142417,158568
10915/142695,158761
10915/167980,189843
10915/168365,190404
10915/168374,190406
10915/168424,190498
10915/162560,182526
10915/4405,3343
10915/3088,2026
10915/3193,2131
10915/46088,47440
10915/1963,901
10915/55152,57485
10915/48576,50179
10915/4347,3285
10915/45655,46919
10915/45314,46563
10915/43080,43911
10915/49827,51489
10915/154461,171052
10915/154446,171117
10915/127143,139941
10915/105858,116006
10915/62307,65396
10915/62357,65442
10915/66182,69744
10915/50417,52174
10915/54635,56948
10915/59632,62484
10915/146537,157202
10915/134261,149651
10915/147239,162827
10915/144610,160384
10915/145781,161497
10915/77671,83244
10915/141040,156554
10915/139080,154847
10915/146336,161926
10915/149543,165448
10915/122894,134996
10915/122897,134999
10915/154498,171208
10915/126261,139006
10915/128672,142015
10915/128645,142005
10915/130815,146733
10915/151674,167999
10915/135372,151469
10915/148301,164167
10915/117520,128828
10915/15944,14892
10915/59808,62698
10915/54322,56545
10915/63300,66463
10915/30897,30967
10915/122487,134359
10915/143728,157651
10915/131796,147541
10915/120853,132625
10915/121569,133349
10915/121934,133683
10915/165100,186047
10915/165172,186128
10915/163355,183443
10915/171873,194929
10915/166383,187594
10915/175202,198096
10915/176407,199673
10915/59601,62448
10915/178971,202680
10915/52418,54412
10915/52412,54403
10915/3007,1945
10915/33090,33474
10915/176512,199698
10915/178793,202448
10915/178847,202550
10915/182962,207951
10915/3138,2076
10915/187025,212585
10915/192294,218497
10915/193997,220493
10915/194706,221435
10915/194779,221497
10915/195458,222408
10915/73183,77823
10915/57618,60190
10915/68076,71757
10915/127012,139667
10915/62268,65352
10915/129720,143031
10915/126896,139543
10915/29128,27330
10915/27073,26353
10915/178842,202543
10915/162335,182232
10915/68082,71766
10915/72504,76809
10915/32777,33148
10915/85099,92060
10915/70938,74929
10915/28952,28424
10915/18122,16785
10915/48409,49990
10915/99380,109382
10915/90964,98679
10915/82895,88588
10915/82025,87573
10915/79493,84946
10915/51978,53887
10915/161094,180438
10915/3041,1979
10915/161487,181004
10915/48277,49861
10915/49538,51178
10915/3014,1952
10915/53375,55502
10915/61006,64054
10915/134930,150210
10915/67078,70674
10915/62050,65135
10915/110786,121050
10915/145458,161056
10915/147462,163082
10915/152125,168441
10915/129250,142627
10915/137859,153571
10915/137886,153629
10915/143557,157373
10915/142671,157544
10915/3058,1996
10915/125796,138859
10915/82357,87659
10915/67785,71420
10915/15923,14871
10915/46851,48311
10915/3080,2018
10915/4403,3341
10915/134022,149465
10915/168434,190503
10915/176898,200059
10915/178843,202548
10915/185423,210875
10915/195320,222314
10915/195364,222368
10915/73026,77620
10915/103151,111860
10915/72719,77105
10915/60899,63943
10915/111431,122429
10915/190884,216881
10915/195432,222410
10915/74975,80254
10915/68606,72259
10915/160268,179380
10915/149102,164929
10915/154742,171567
10915/58638,53826
10915/59909,62811
10915/79645,85247
10915/52154,54090
10915/4334,3272
10915/58174,60795
10915/166529,187830
10915/33017,33391
10915/177278,200648
10915/50028,51732
10915/55718,58114
10915/70018,73910
10915/31095,31185
10915/23681,22501
10915/27637,27038
10915/52277,54221
